state,District,persons,Male,Female,rural,Person lit_rate,Male lit_Rate,Female lit_Rate,Tempworkers,Mainworkers,Marginal workers,Nonworkers,Religion1,religion1 population,Religion2,Religion2 Population,Religion3,religion3 Population,inhabitadevillages,drinkingwater,electricity,primary school,Medical facility
ANdaman,Nicobars,314084,170319,143765,197886,82.49,87.36,76.62,166631,100683,15948,197453,1.Hindus,235862,2.Christians,49033,3.Muslims,27134,331.0,331.0,233.0,185.0,102
ANdaman,Nicobars,42068,22653,19415,42068,72.35,78.55,65.01,19623,12924,6699,22445,1.Christians,28145,2.Hindus,10727,3.Muslims,2131,170.0,169.0,96.0,53.0,38
Andhra,Adilabad,2488003,1250958,1237045,1827986,52.68,64.98,40.3,1423248,912287,210961,1364755,,2207843,,236844,,24392,1586.0,1585.0,1585.0,1521.0,976
Andhra,Nizamabad,2345685,1162905,1182780,1920947,52.02,64.91,39.48,1159606,971911,187695,1186079,1.Hindus,1983275,2.Muslims,338824,3.Christians,16204,854.0,854.0,854.0,839.0,614
Andhra,Karimnagar,3491822,1747968,1743854,2813010,54.9,67.09,42.75,1711559,1458954,252605,1780263,1.Hindus,3251834,2.Muslims,213811,3.Christians,20576,1047.0,1047.0,1047.0,1039.0,863
Andhra,Medak,2670097,1352446,1317651,2286573,51.65,64.33,38.66,1293657,1060051,233606,1376440,1.Hindus,2334169,2.Muslims,296486,3.Christians,34651,1225.0,1225.0,1225.0,1215.0,659
Andhra,Hyderabad,3829753,1981173,1848580,-,78.8,83.74,73.5,1119842,1032298,87544,2709911,1.Hindus,2121963,2.Muslims,1576583,3.Christians,92915,,,,,
Andhra,secundarabad,3575064,1839227,1735837,1637227,66.16,75.26,56.49,1437606,1264403,173203,2137458,1.Hindus,3063118,2.Muslims,408281,3.Christians,89893,860.0,860.0,858.0,839.0,422
Andhra,Mahbubnagar,3513934,1782340,1731594,3142579,44.41,56.63,31.89,1823329,1482426,340903,1690605,1.Hindus,3193932,2.Muslims,296975,3.Christians,18800,1477.0,1475.0,1477.0,1456.0,881
Andhra,Nalgonda,3247982,1651990,1595992,2815304,57.15,69.23,44.68,1594666,1308907,285759,1653316,1.Hindus,3040212,2.Muslims,170553,3.Christians,32452,1124.0,1124.0,1124.0,1098.0,872
Andhra,Warangal,3246004,1644895,1601109,2622792,57.13,68.88,45.09,1566237,1277468,288769,1679767,1.Hindus,3028537,2.Muslims,177217,3.Christians,33354,984.0,984.0,984.0,971.0,826
Andhra,Khammam,2578927,1305543,1273384,2068066,56.89,66.11,47.44,1244376,1039322,205054,1334551,1.Hindus,2406066,2.Muslims,137639,3.Christians,30777,1101.0,1100.0,1100.0,1000.0,921
Andhra,Srikakulam,2537593,1260020,1277573,2258934,55.31,67.19,43.68,1201816,870624,331192,1335777,1.Hindus,2513087,2.Christians,14199,3.Muslims,7759,1715.0,1715.0,1715.0,1645.0,652
Andhra,Vizianagaram,2249254,1119541,1129713,1836859,51.07,62.37,39.91,1174164,912375,261789,1075090,1.Hindus,2214541,2.Christians,15495,3.Muslims,15472,1455.0,1453.0,1455.0,1371.0,649
Andhra,Visakhapatnam,3832336,1930197,1902139,2301437,59.96,69.68,50.12,1602761,1305584,297177,2229575,1.Hindus,3688280,2.Muslims,71669,3.Christians,62227,3108.0,3091.0,3098.0,2293.0,1647
Andhra,West Godavari,3803517,1910038,1893479,3052630,73.53,78.05,68.99,1678335,1425708,252627,2125182,1.Hindus,3580207,2.Christians,138363,3.Muslims,79048,845.0,844.0,845.0,805.0,576
Andhra,Krishna,4187841,2117401,2070440,2844394,68.85,74.39,63.19,1841597,1575433,266164,2346244,1.Hindus,3729204,2.Muslims,265617,3.Christians,182614,948.0,948.0,948.0,931.0,642
Andhra,Guntur,4465144,2250279,2214865,3179384,62.54,71.24,53.74,2190299,1869886,320413,2274845,1.Hindus,3834204,2.Muslims,487839,3.Christians,131713,694.0,694.0,694.0,690.0,584
Andhra,Prakasam,3059423,1552332,1507091,2592055,57.38,69.35,45.08,1537544,1306772,230772,1521879,1.Hindus,2825681,2.Muslims,195637,3.Christians,32674,992.0,992.0,992.0,941.0,540
Andhra,Nellore,2668564,1344935,1323629,2069521,65.08,73.67,56.38,1211702,985312,226390,1456862,1.Hindus,2382701,2.Muslims,248676,3.Christians,31593,1110.0,1110.0,1110.0,1053.0,520
Andhra,Cuddapah,2601797,1318093,1283704,2014044,62.83,75.83,49.54,1165566,931847,233719,1436231,1.Hindus,2181572,2.Muslims,386900,3.Christians,28978,876.0,875.0,875.0,853.0,432
Andhra,Kurnool,3529494,1796214,1733280,2712030,53.22,65.96,40.03,1745220,1500598,244622,1784274,1.Hindus,2910182,2.Muslims,572404,3.Christians,40581,884.0,884.0,884.0,877.0,634
Andhra,Anantapur,3640478,1859588,1780890,2720915,56.13,68.38,43.34,1777536,1471218,306318,1862942,1.Hindus,3225156,2.Muslims,389201,3.Christians,20770,925.0,925.0,925.0,900.0,595
Andhra,Chittoor,3745875,1889690,1856185,2934845,66.77,77.62,55.78,1752979,1462690,290289,1992896,1.Hindus,3368878,2.Muslims,342965,3.Christians,28337,1480.0,1479.0,1480.0,1365.0,683
Arunachal Pradesh,Tawang,38924,21846,17078,30548,47.32,60.32,30.04,21727,18134,3593,17197,1.Buddhists,29083,2.Hindus,8440,3.Sikhs,420,180.0,180.0,173.0,63.0,23
Arunachal Pradesh,West Kameng,74599,42542,32057,67906,60.76,70.29,47.46,34362,28850,5512,40237,1.Buddhists,33104,2.Hindus,32125,3.Others,4750,213.0,213.0,168.0,97.0,47
Arunachal Pradesh,East Kameng,57179,28802,28377,42177,40.64,52.36,28.59,25949,23543,2406,31230,1.Others,31538,2.Christians,14550,3.Hindus,9943,310.0,309.0,44.0,128.0,89
Arunachal Pradesh,Papum Pare,122003,64184,57819,59961,69.32,77.27,60.35,44132,38401,5731,77871,1.Hindus,51026,2.Christians,36574,3.Others,25395,267.0,267.0,60.0,69.0,17
Arunachal Pradesh,Lower Subansiri,98244,49542,48702,85860,44.79,53.37,36.01,45405,37473,7932,52839,1.Others,62481,2.Christians,24078,3.Hindus,10493,652.0,652.0,175.0,147.0,74
Arunachal Pradesh,Upper Subansiri,55346,28240,27106,39590,50.35,59.55,40.7,22415,21067,1348,32931,1.Others,45318,2.Hindus,5572,3.Christians,3240,398.0,398.0,77.0,141.0,26
Arunachal Pradesh,West Siang,103918,54349,49569,82806,59.47,66.63,51.56,43085,36843,6242,60833,1.Others,61183,2.Christians,20122,3.Hindus,17711,398.0,398.0,115.0,221.0,48
Arunachal Pradesh,East Siang,87397,45265,42132,65432,60.73,68.42,52.42,33552,29183,4369,53845,1.Others,43944,2.Hindus,26352,3.Christians,13406,144.0,144.0,120.0,116.0,21
Arunachal Pradesh,Upper Siang *,33363,18057,15306,33363,49.78,58.71,38.79,17105,15395,1710,16258,1.Others,19477,2.Hindus,6116,3.Christians,4291,92.0,92.0,42.0,62.0,11
Arunachal Pradesh,Dibang Valley,57720,31442,26278,47613,58.89,67.21,48.66,25700,22086,3614,32020,1.Hindus,31700,2.Others,13992,3.Christians,6134,213.0,213.0,70.0,55.0,25
Arunachal Pradesh,Lohit,143527,77314,66213,116765,56.07,65.74,44.54,60351,51049,9302,83176,1.Hindus,103151,2.Buddhists,22935,3.Christians,8253,493.0,493.0,184.0,160.0,40
Arunachal Pradesh,Changlang,125422,65821,59601,113034,51.32,62.13,39.23,60045,49176,10869,65377,1.Hindus,50183,2.Buddhists,42744,3.Christians,21931,336.0,336.0,277.0,179.0,64
Arunachal Pradesh,Tirap,100326,52537,47789,85032,41.73,53.36,28.84,49074,43807,5267,51252,1.Christians,50199,2.Hindus,27123,3.Others,14568,167.0,167.0,147.0,137.0,41
Assam,Kokrajhar,905764,466191,439573,841823,51.63,60.32,42.4,334849,234771,100078,570915,,594168,,184441,,124270,951.0,951.0,704.0,906.0,211
Assam,Dhubri,1637344,841044,796300,1444901,48.21,55.91,40.04,470360,399201,71159,1166984,,1216455,,405065,,12477,1261.0,1261.0,904.0,1138.0,374
Assam,Goalpara,822035,420251,401784,755133,58.03,64.86,50.85,273925,209928,63997,548110,,441516,,314157,,64662,761.0,761.0,689.0,723.0,243
Assam,Bongaigaon,904835,465240,439595,795053,59.33,67.67,50.44,293243,233087,60156,611592,1.Hindus,535464,2.Muslims,348573,3.Christians,18728,881.0,881.0,607.0,805.0,112
Assam,Barpeta,1647201,848578,798623,1520333,56.24,64.83,47.07,517088,408537,108551,1130113,,977943,,662066,,5267,1050.0,1050.0,775.0,967.0,430
Assam,Kamrup,2522324,1326981,1195343,1614107,74.16,81.16,66.31,842253,697810,144443,1680071,1.Hindus,1836153,2.Muslims,625002,3.Christians,44257,1342.0,1342.0,1042.0,1190.0,468
Assam,Nalbari,1148824,592375,556449,1121338,67.23,76.56,57.26,383932,291665,92267,764892,1.Hindus,873749,2.Muslims,253842,3.Christians,18495,798.0,798.0,733.0,769.0,179
Assam,Darrang,1504320,773861,730459,1429492,55.44,63.91,46.4,527993,404428,123565,976327,,868532,,534658,,97306,1319.0,1319.0,1032.0,1246.0,356
Assam,Marigaon,776256,398926,377330,738268,58.53,65.15,51.51,262824,200132,62692,513432,1.Hindus,405302,2.Muslims,369398,3.Christians,759,592.0,592.0,389.0,531.0,219
Assam,Nagaon,2314629,1190950,1123679,2036342,61.73,68.27,54.74,727641,566195,161446,1586988,,1180267,,1106354,,21473,1375.0,1374.0,1190.0,1257.0,480
Assam,Sonitpur,1681513,871568,809945,1505719,59.0,67.54,49.73,634723,465283,169440,1046790,,1287646,,268078,,115623,1784.0,1784.0,1331.0,1372.0,235
Assam,Lakhimpur,889010,455691,433319,823857,68.56,77.06,59.59,497745,288052,209693,391265,,702881,,143505,,36667,1139.0,1139.0,680.0,1046.0,211
Assam,Dhemaji,571944,294643,277301,533112,64.48,74.41,53.86,250146,155431,94715,321798,1.Hindus,548780,2.Muslims,10533,3.Christians,6390,1236.0,1236.0,253.0,1068.0,83
Assam,Tinsukia,1150062,601099,548963,926105,60.95,70.15,50.78,466351,349847,116504,683711,,1029142,,62403,,40000,1107.0,1107.0,871.0,936.0,198
Assam,Dibrugarh,1185072,613555,571517,956634,68.96,77.3,59.95,472419,342708,129711,712653,,1075878,,53306,,45040,1309.0,1309.0,1195.0,1169.0,263
Assam,Sibsagar,1051736,545476,506260,954557,74.47,81.53,66.81,430523,287319,143204,621213,,927706,,85761,,28488,866.0,866.0,772.0,825.0,317
Assam,Jorhat,999221,517015,482206,827901,76.34,83.62,68.49,414348,285092,129256,584873,,927858,,47658,,18610,787.0,787.0,650.0,717.0,215
Assam,Golaghat,946279,490286,455993,865141,69.38,77.14,60.99,388640,269896,118744,557639,,813263,,74808,,52277,1066.0,1066.0,595.0,769.0,87
Assam,Karbi Anglong,813311,422250,391061,721381,57.7,67.22,47.3,330480,231638,98842,482831,1.Hindus,670139,2.Christians,117738,3.Muslims,18091,2633.0,2633.0,780.0,1209.0,72
Assam,North Cachar Hills,188079,99822,88257,128644,67.62,75.67,58.39,70199,55031,15168,117880,1.Hindus,131492,2.Christians,50183,3.Muslims,4662,605.0,605.0,197.0,565.0,67
Assam,Cachar,1444921,743042,701879,1243534,67.82,75.73,59.41,465734,364814,100920,979187,,886761,,522051,,31306,1020.0,1020.0,741.0,902.0,134
Assam,Karimganj,1007976,517680,490296,934126,66.24,74.69,57.28,303294,235016,68278,704682,,527214,,470708,,8746,915.0,915.0,639.0,865.0,224
Assam,Hailakandi,542872,280513,262359,498787,59.64,68.24,50.46,179881,138216,41665,362991,,312849,,223191,,5424,327.0,327.0,268.0,308.0,110
Bihar,Pashchim Champaran,3043466,1600839,1442627,2733907,38.93,51.08,25.23,1154038,840563,313475,1889428,1.Hindus,2373310,2.Muslims,646597,3.Others,14304,1355.0,1355.0,344.0,1040.0,266
Bihar,Purba Champaran,3939773,2077047,1862726,3688687,37.54,49.31,24.27,1286843,1025654,261189,2652930,,3181386,,755005,,1179,1279.0,1279.0,529.0,1081.0,316
Bihar,Sheohar *,515961,273680,242281,494699,35.27,45.28,23.86,161218,133348,27870,354743,1.Hindus,435121,2.Muslims,80076,3.Religion not stated,418,189.0,189.0,43.0,161.0,57
Bihar,Sitamarhi,2682720,1417611,1265109,2529407,38.46,49.36,26.13,855156,714136,141020,1827564,1.Hindus,2111476,2.Muslims,568992,3.Religion not stated,1237,802.0,802.0,302.0,709.0,216
Bihar,Madhubani,3575281,1840997,1734284,3450736,41.97,56.79,26.25,1227723,877412,350311,2347558,1.Hindus,2930501,2.Muslims,641579,3.Religion not stated,1477,1034.0,1034.0,437.0,901.0,232
Bihar,Supaul *,1732578,902207,830371,1644370,37.28,52.42,20.81,728222,526267,201955,1004356,1.Hindus,1426108,2.Muslims,302120,3.Christians,1893,526.0,526.0,151.0,440.0,104
Bihar,Araria,2158608,1128105,1030503,2026257,35.01,46.38,22.37,853445,657446,195999,1305163,1.Hindus,1263766,2.Muslims,887972,3.Jains,2504,713.0,713.0,129.0,552.0,60
Bihar,Kishanganj,1296348,669552,626796,1167340,31.09,42.71,18.63,417151,359819,57332,879197,1.Muslims,876105,2.Hindus,412995,3.Christians,2856,730.0,730.0,116.0,442.0,120
Bihar,Purnia,2543942,1328417,1215525,2321544,35.1,45.63,23.42,960700,782364,178336,1583242,1.Hindus,1584796,2.Muslims,935239,3.Others,14224,1103.0,1103.0,313.0,676.0,178
Bihar,Katihar,2392638,1246872,1145766,2174361,35.09,45.31,23.8,898326,664259,234067,1494312,1.Hindus,1363523,2.Muslims,1017495,3.Christians,4994,1290.0,1290.0,277.0,785.0,248
Bihar,Madhepura,1526646,797180,729466,1458679,36.07,48.8,22.11,683976,498367,185609,842670,1.Hindus,1351978,2.Muslims,173605,3.Religion not stated,494,384.0,384.0,168.0,311.0,141
Bihar,Saharsa,1508182,789432,718750,1383015,39.08,51.66,25.27,589467,411566,177901,918715,1.Hindus,1289364,2.Muslims,217922,3.Christians,437,441.0,441.0,127.0,374.0,63
Bihar,Darbhanga,3295789,1722189,1573600,3028441,44.33,56.72,30.78,1028558,761464,267094,2267231,1.Hindus,2543284,2.Muslims,748971,3.Religion not stated,2245,1083.0,1083.0,490.0,850.0,271
Bihar,Muzaffarpur,3746714,1951466,1795248,3398361,47.95,59.1,35.81,1139830,895830,244000,2606884,1.Hindus,3168225,2.Muslims,573951,3.Religion not stated,2104,1725.0,1725.0,1021.0,1423.0,526
Bihar,Gopalganj,2152638,1075710,1076928,2022048,47.48,62.96,32.16,641672,466811,174861,1510966,1.Hindus,1784275,2.Muslims,367219,3.Religion not stated,850,1383.0,1383.0,439.0,866.0,261
Bihar,Siwan,2714349,1336283,1378066,2564860,51.65,67.26,36.88,730437,511578,218859,1983912,1.Hindus,2218632,2.Muslims,494176,3.Religion not stated,899,1438.0,1438.0,441.0,1119.0,254
Bihar,Saran,3248701,1652661,1596040,2950064,51.8,67.3,35.82,860940,644618,216322,2387761,1.Hindus,2909213,2.Muslims,337767,3.Religion not stated,758,1566.0,1566.0,544.0,1213.0,342
Bihar,Vaishali,2718421,1415603,1302818,2531766,50.49,63.23,36.58,782717,624452,158265,1935704,1.Hindus,2457636,2.Muslims,259158,3.Religion not stated,922,1414.0,1414.0,970.0,929.0,154
Bihar,Samastipur,3394793,1760692,1634101,3271338,45.13,57.59,31.67,1071974,843356,228618,2322819,1.Hindus,3035755,2.Muslims,355897,3.Religion not stated,1432,1122.0,1122.0,674.0,878.0,195
Bihar,Begusarai,2349366,1228874,1120492,2241743,47.98,59.13,35.64,746075,571564,174511,1603291,1.Hindus,2033039,2.Muslims,313713,3.Religion not stated,1224,729.0,729.0,457.0,503.0,167
Bihar,Khagaria,1280354,679267,601087,1204027,41.35,51.82,29.35,467240,333262,133978,813114,1.Hindus,1147346,2.Muslims,131441,3.Others,546,241.0,241.0,114.0,220.0,124
Bihar,Bhagalpur,2423172,1291658,1131514,1970745,49.5,59.22,38.13,855345,580731,274614,1567827,1.Hindus,1990976,2.Muslims,423246,3.Christians,1853,935.0,935.0,445.0,642.0,229
Bihar,Banka,1608773,843293,765480,1552353,42.73,55.29,28.67,636665,405608,231057,972108,1.Hindus,1409352,2.Muslims,190051,3.Others,5264,1682.0,1682.0,289.0,909.0,146
Bihar,Munger,1137797,607730,530067,819950,59.47,69.89,47.4,331451,233688,97763,806346,1.Hindus,1045233,2.Muslims,89791,3.Christians,1135,525.0,525.0,321.0,382.0,149
Bihar,Lakhisarai,802225,417672,384553,684485,47.96,60.74,33.96,292634,226192,66442,509591,1.Hindus,766232,2.Muslims,35378,3.Sikhs,211,357.0,357.0,116.0,308.0,96
Bihar,Sheikhpura,525502,273992,251510,444189,48.6,61.94,33.92,194396,151504,42892,331106,1.Hindus,487021,2.Muslims,37755,3.Christians,375,268.0,268.0,130.0,238.0,72
Bihar,Nalanda,2370528,1238599,1131929,2016899,53.19,66.44,38.58,903144,700007,203137,1467384,1.Hindus,2191552,2.Muslims,176871,3.Religion not stated,888,1000.0,1000.0,366.0,879.0,198
Bihar,Patna,4718592,2519942,2198650,2757060,62.92,73.34,50.83,1425647,1161984,263663,3292945,1.Hindus,4333556,2.Muslims,366164,3.Christians,8951,1288.0,1288.0,615.0,1199.0,390
Bihar,Bhojpur,2243144,1179611,1063533,1930730,58.96,74.29,41.8,653811,491916,161895,1589333,1.Hindus,2076589,2.Muslims,163193,3.Religion not stated,913,999.0,999.0,247.0,885.0,133
Bihar,Buxar,1402396,738354,664042,1273422,56.8,71.92,39.88,408186,305398,102788,994210,1.Hindus,1309181,2.Muslims,86382,3.Buddhists,4464,819.0,819.0,318.0,529.0,95
Bihar,Kaimur (Bhabua) *,1289074,677623,611451,1247299,55.12,69.67,38.83,442887,312872,130015,846187,1.Hindus,1161779,2.Muslims,123048,3.Buddhists,2880,1349.0,1349.0,645.0,791.0,225
Bihar,Rohtas,2450748,1283485,1167263,2123942,61.29,75.31,45.71,744183,544731,199452,1706565,1.Hindus,2199049,2.Muslims,246760,3.Sikhs,2549,1710.0,1710.0,493.0,1185.0,153
Bihar,Jehanabad,1514315,784946,729369,1402703,55.26,70.07,39.37,580905,422789,158116,933410,1.Hindus,1389053,2.Muslims,124149,3.Religion not stated,743,856.0,856.0,219.0,672.0,123
Bihar,Aurangabad,2013055,1040945,972110,1842998,57.03,71.13,41.9,671011,476390,194621,1342044,1.Hindus,1814612,2.Muslims,196030,3.Religion not stated,1161,1739.0,1739.0,527.0,1148.0,270
Bihar,Gaya,3473428,1792163,1681265,2997479,50.45,63.27,36.66,1277639,994459,283180,2195789,1.Hindus,3063841,2.Muslims,403439,3.Religion not stated,1622,2680.0,2680.0,539.0,1635.0,278
Bihar,Nawada,1809696,929960,879736,1671253,46.83,60.58,32.17,674377,507934,166443,1135319,1.Hindus,1604223,2.Muslims,204457,3.Religion not stated,354,964.0,964.0,509.0,749.0,156
Bihar,Jamui,1398796,729138,669658,1295552,42.43,57.06,26.32,596617,392536,204081,802179,1.Hindus,1212941,2.Muslims,170334,3.Others,9511,1314.0,1314.0,270.0,706.0,124
Chhattisgarh,Koriya,586327,301251,285076,411536,63.09,75.68,49.73,279826,181837,97989,306501,1.Hindus,549179,2.Muslims,22535,3.Christians,7570,650.0,650.0,405.0,562.0,48
Chhattisgarh,Surguja,1972094,1000050,972044,1834913,54.79,67.63,41.57,982041,605013,377028,990053,1.Hindus,1823285,2.Christians,72380,3.Muslims,63685,1769.0,1745.0,1432.0,1713.0,508
Chhattisgarh,Jashpur,743160,371697,371463,708965,63.77,75.16,52.44,397898,261952,135946,345262,1.Hindus,559984,2.Christians,169609,3.Muslims,11720,764.0,760.0,550.0,749.0,304
Chhattisgarh,Raigarh,1265529,634597,630932,1096073,70.16,82.7,57.62,601564,430725,170839,663965,1.Hindus,1212180,2.Christians,36098,3.Muslims,12637,1433.0,1410.0,1385.0,1350.0,279
Chhattisgarh,Korba,1011823,515147,496676,644860,61.71,75.86,46.99,431002,302248,128754,580821,1.Hindus,949774,2.Muslims,21761,3.Christians,17641,710.0,707.0,563.0,674.0,214
Chhattisgarh,Janjgir - Champa*,1317431,659388,658043,1172112,65.94,81.82,50.14,575923,411510,164413,741508,1.Hindus,1299831,2.Muslims,11857,3.Christians,2489,889.0,888.0,882.0,871.0,308
Chhattisgarh,Bilaspur,1998355,1013875,984480,1511661,63.51,78.43,48.17,857577,630504,227073,1140778,1.Hindus,1904580,2.Muslims,45342,3.Others,19325,1579.0,1545.0,1494.0,1426.0,452
Chhattisgarh,Kawardha,584552,291963,292589,539660,55.15,71.0,39.47,291648,231030,60618,292904,1.Hindus,554542,2.Others,17133,3.Muslims,9421,956.0,952.0,774.0,785.0,162
Chhattisgarh,Rajnandgaon,1283224,634342,648882,1051577,77.21,87.17,67.55,649401,558996,90405,633823,1.Hindus,1215492,2.Buddhists,28020,3.Muslims,21035,1605.0,1595.0,1550.0,1484.0,343
Chhattisgarh,Durg,2810436,1417893,1392543,1738127,75.62,86.43,64.64,1162833,965624,197209,1647603,1.Hindus,2654202,2.Muslims,70398,3.Sikhs,23399,1776.0,1762.0,1737.0,1698.0,669
Chhattisgarh,Raipur,3016930,1523925,1493005,2099312,68.51,81.97,54.81,1264663,961507,303156,1752267,1.Hindus,2881933,2.Muslims,77963,3.Christians,16857,2124.0,2101.0,1955.0,1987.0,696
Chhattisgarh,Mahasamund,860257,426201,434056,762577,67.01,81.08,53.3,411747,300907,110840,448510,1.Hindus,838906,2.Muslims,11076,3.Christians,5091,1111.0,1103.0,1068.0,1014.0,279
Chhattisgarh,Dhamtari,706591,352524,354067,613007,74.89,86.51,63.39,354230,268236,85994,352361,1.Hindus,689554,2.Muslims,8933,3.Jains,3423,629.0,628.0,557.0,575.0,261
Chhattisgarh,Kanker,650934,324636,326298,619549,72.93,82.72,63.25,351859,252484,99375,299075,1.Hindus,633925,2.Others,5859,3.Muslims,5253,1068.0,1043.0,849.0,949.0,93
Chhattisgarh,Bastar,1306673,649801,656872,1176652,43.91,56.32,31.64,687415,407252,280163,619258,1.Hindus,1265787,2.Christians,17379,3.Muslims,10335,1461.0,1375.0,1105.0,1230.0,281
Chhattisgarh,Dantewada,719487,356928,362559,667475,30.17,39.75,20.75,380244,284770,95474,339243,1.Hindus,696516,2.Others,8644,3.Christians,6213,1220.0,1204.0,578.0,1006.0,201
Chandigarh,Chandigarh,900635,506938,393697,92120,81.94,86.14,76.47,340422,328989,11433,560213,1.Hindus,707978,2.Sikhs,145175,3.Muslims,35548,23.0,23.0,23.0,18.0,18
D & n haweli,Diu,44215,20878,23337,22637,71.38,84.39,60.09,13862,11404,2458,30353,1.Hindus,41235,2.Muslims,2719,3.Christians,202,2.0,2.0,2.0,2.0,2
D & n haweli,Daman,113989,71634,42355,78219,80.65,87.38,68.6,58929,56118,2811,55060,1.Hindus,100666,2.Muslims,9562,3.Christians,3160,21.0,21.0,21.0,20.0,21
Delhi,North West,2860869,1571689,1289180,265363,80.57,86.67,73.08,919439,872142,47297,1941430,1.Hindus,2540491,2.Muslims,173409,3.Sikhs,91723,62.0,62.0,62.0,57.0,44
Delhi,North,781525,427882,353643,46585,80.1,84.64,74.54,256596,244890,11706,524929,1.Hindus,609493,2.Muslims,126093,3.Sikhs,20819,5.0,5.0,4.0,3.0,3
Delhi,North East,1768061,956078,811983,141547,77.53,84.78,68.94,500425,470993,29432,1267636,1.Hindus,1232960,2.Muslims,481607,3.Jains,22322,12.0,12.0,7.0,7.0,4
Delhi,East,1463583,794074,669509,18223,84.91,89.65,79.26,475310,456216,19094,988273,1.Hindus,1213295,2.Muslims,140335,3.Sikhs,51157,3.0,3.0,3.0,1.0,-
Delhi,New Delhi,179112,99956,79156,-,83.24,88.62,76.33,67594,64425,3169,111518,1.Hindus,155594,2.Muslims,11416,3.Christians,6263,,,,,
Delhi,Central,646385,350831,295554,-,79.69,82.73,76.05,223851,213324,10527,422534,1.Hindus,423592,2.Muslims,193137,3.Sikhs,17126,,,,,
Delhi,West,2128908,1163084,965824,86794,83.39,87.85,77.99,720915,686517,34398,1407993,1.Hindus,1745810,2.Sikhs,247312,3.Muslims,107079,9.0,9.0,9.0,9.0,5
Delhi,South West,1755041,983615,771426,225454,83.61,89.86,75.55,602546,569836,32710,1152495,1.Hindus,1612169,2.Muslims,76429,3.Sikhs,29470,51.0,51.0,51.0,49.0,26
Delhi,South,2267023,1260025,1006998,160761,81.96,88.26,73.94,778558,739173,39385,1488465,1.Hindus,1824645,2.Muslims,314015,3.Sikhs,75102,16.0,16.0,16.0,12.0,7
D & n haweli,Dadra & Nagar Haveli,220490,121666,98824,170027,57.63,71.18,40.23,114122,96184,17938,106368,1.Hindus,206203,2.Muslims,6524,3.Christians,6058,70.0,69.0,69.0,69.0,67
Goa,North Goa,758573,388502,370071,416824,83.52,90.05,76.69,307628,242190,65438,450945,,576848,,136390,,43383,209.0,209.0,206.0,188.0,111
Goa,South Goa,589095,298746,290349,260267,80.06,86.28,73.68,215227,183115,32112,373868,,309703,,223178,,48827,138.0,138.0,137.0,120.0,74
Gujarat,Kachchh,1583225,815152,768073,1108333,59.79,70.39,48.59,605599,498186,107413,977626,1.Hindus,1223254,2.Muslims,329254,3.Jains,23894,886.0,886.0,863.0,835.0,672
Gujarat,Banas Kantha,2504244,1297404,1206840,2228743,50.97,66.47,34.4,1092201,830579,261622,1412043,1.Hindus,2314123,2.Muslims,170142,3.Jains,18544,1244.0,1242.0,1225.0,1217.0,523
Gujarat,Patan,1182709,612100,570609,944281,60.36,73.63,46.33,533078,395470,137608,649631,1.Hindus,1057013,2.Muslims,119748,3.Jains,5136,517.0,516.0,517.0,514.0,265
Gujarat,Mahesana,1837892,953842,884050,1426175,75.22,86.2,63.65,828519,665080,163439,1009373,1.Hindus,1714171,2.Muslims,113631,3.Jains,7122,593.0,593.0,593.0,589.0,440
Gujarat,Sabar Kantha,2082531,1069554,1012977,1857402,66.65,80.42,52.3,940437,662249,278188,1142094,1.Hindus,1946780,2.Muslims,117806,3.Jains,11198,1372.0,1370.0,1358.0,1362.0,784
Gujarat,Gandhinagar,1334455,697999,636456,867195,76.59,87.74,64.58,554336,467413,86923,780119,1.Hindus,1269766,2.Muslims,50559,3.Jains,7769,291.0,291.0,291.0,290.0,244
Gujarat,Ahmadabad,5816519,3074556,2741963,1152986,79.5,87.31,70.83,2009365,1799126,210239,3807154,1.Hindus,4921747,2.Muslims,662799,3.Jains,170093,546.0,546.0,546.0,542.0,428
Gujarat,Surendranagar,1515148,787650,727498,1112700,61.61,74.19,48.1,647609,512038,135571,867539,1.Hindus,1392451,2.Muslims,97846,3.Jains,22721,650.0,649.0,650.0,648.0,170
Gujarat,Rajkot,3169881,1642018,1527863,1544019,74.16,82.61,65.2,1244806,1076436,168370,1925075,1.Hindus,2841302,2.Muslims,292676,3.Jains,30629,844.0,844.0,844.0,842.0,542
Gujarat,Jamnagar,1904278,981320,922958,1068022,66.48,76.25,56.18,734382,624057,110325,1169896,1.Hindus,1605941,2.Muslims,270223,3.Jains,21907,698.0,695.0,666.0,666.0,286
Gujarat,Porbandar,536835,275821,261014,275460,68.62,78.36,58.42,215134,173594,41540,321701,1.Hindus,507176,2.Muslims,28404,3.Jains,589,182.0,182.0,155.0,156.0,130
Gujarat,Junagadh,2448173,1252350,1195823,1736645,67.78,78.74,56.43,1000842,785530,215312,1447331,1.Hindus,2165734,2.Muslims,274481,3.Jains,4291,923.0,922.0,901.0,858.0,803
Gujarat,Amreli,1393918,701593,692325,1080960,66.09,76.44,55.78,600819,470043,130776,793099,1.Hindus,1307460,2.Muslims,83077,3.Jains,2309,615.0,614.0,615.0,614.0,383
Gujarat,Bhavnagar,2469630,1274920,1194710,1534592,66.2,78.02,53.73,944559,781166,163393,1525071,1.Hindus,2264062,2.Muslims,172740,3.Jains,28921,790.0,790.0,789.0,786.0,526
Gujarat,Anand,1856872,972000,884872,1348901,74.51,86.09,61.94,784711,617669,167042,1072161,1.Hindus,1616127,2.Muslims,199263,3.Christians,29461,350.0,350.0,350.0,350.0,301
Gujarat,Kheda,2024216,1052823,971393,1617766,71.96,85.99,56.9,908180,694400,213780,1116036,1.Hindus,1775214,2.Muslims,218660,3.Christians,23178,612.0,612.0,612.0,612.0,432
Gujarat,Panch Mahals,2025277,1044937,980340,1771915,60.92,75.91,44.94,976726,616885,359841,1048551,1.Hindus,1897034,2.Muslims,120676,3.Jains,4382,1201.0,1201.0,1201.0,1182.0,781
Gujarat,Dohad,1636433,824208,812225,1480110,45.15,58.88,31.28,814590,496410,318180,821843,1.Hindus,1571017,2.Muslims,52632,3.Christians,8907,693.0,693.0,692.0,690.0,580
Gujarat,Vadodara,3641802,1897368,1744434,1995580,70.76,80.04,60.73,1518845,1202620,316225,2122957,1.Hindus,3258593,2.Muslims,317194,3.Jains,31566,1548.0,1548.0,1532.0,1488.0,1254
Gujarat,Narmada,514404,263986,250418,462298,59.86,72.44,46.61,259116,176372,82744,255288,1.Hindus,482552,2.Muslims,20429,3.Christians,5122,552.0,552.0,530.0,515.0,324
Gujarat,Bharuch,1370656,713676,656980,1018096,74.41,82.98,65.11,570693,469551,101142,799963,1.Hindus,1059796,2.Muslims,293459,3.Christians,8824,657.0,657.0,656.0,644.0,403
Gujarat,Surat,4995174,2722539,2272635,1999357,74.65,81.51,66.36,2182509,1981266,201243,2812665,1.Hindus,4350795,2.Muslims,447951,3.Jains,86607,1167.0,1167.0,1165.0,1134.0,1040
Gujarat,The Dangs,186729,93974,92755,186729,59.65,70.68,48.51,92993,68599,24394,93736,1.Hindus,165436,2.Christians,17760,3.Muslims,2792,311.0,311.0,311.0,309.0,258
Gujarat,Navsari,1229463,628988,600475,893110,75.83,82.77,68.61,545215,457002,88213,684248,1.Hindus,1135525,2.Muslims,69972,3.Jains,13575,374.0,374.0,374.0,368.0,268
Gujarat,Valsad,1410553,734799,675754,1029392,69.15,77.9,59.62,650257,503333,146924,760296,1.Hindus,1300005,2.Muslims,66440,3.Christians,15399,450.0,450.0,425.0,449.0,303
Haryana,Panchkula,468411,256939,211472,260016,74.0,80.87,65.65,178644,150353,28291,289767,1.Hindus,410120,2.Sikhs,36194,3.Muslims,18297,224.0,222.0,224.0,193.0,86
Haryana,Ambala,1014411,542977,471434,657383,75.31,82.31,67.39,324521,275648,48873,689890,1.Hindus,856193,2.Sikhs,132463,3.Muslims,17263,482.0,482.0,479.0,432.0,204
Haryana,Yamunanagar,1041630,559444,482186,648608,71.63,78.82,63.39,336533,280728,55805,705097,1.Hindus,849255,2.Muslims,104073,3.Sikhs,83524,613.0,613.0,607.0,483.0,248
Haryana,Kurukshetra,825454,442328,383126,609943,69.88,78.06,60.61,308392,250596,57796,517062,1.Hindus,675381,2.Sikhs,135545,3.Muslims,12028,407.0,402.0,406.0,385.0,179
Haryana,Kaithal,946131,510513,435618,762649,59.02,69.15,47.31,372011,268127,103884,574120,1.Hindus,848765,2.Sikhs,88700,3.Muslims,6777,270.0,270.0,270.0,261.0,160
Haryana,Karnal,1274183,683368,590815,936341,67.74,76.29,57.97,455455,355466,99989,818728,1.Hindus,1125279,2.Sikhs,123160,3.Muslims,22614,422.0,422.0,422.0,385.0,186
Haryana,Panipat,967449,528860,438589,575369,69.17,78.5,57.97,382801,289013,93788,584648,1.Hindus,873593,2.Muslims,59696,3.Sikhs,27437,179.0,179.0,179.0,168.0,116
Haryana,Sonipat,1279175,695723,583452,957800,72.79,83.06,60.68,523031,383449,139582,756144,1.Hindus,1234225,2.Muslims,31954,3.Jains,6729,323.0,323.0,323.0,316.0,248
Haryana,Jind,1189827,642282,547545,948250,62.12,73.82,48.51,521946,372049,149897,667881,1.Hindus,1134539,2.Sikhs,29159,3.Muslims,20618,306.0,306.0,306.0,300.0,247
Haryana,Fatehabad,806158,427862,378296,664001,57.98,68.22,46.53,362975,261623,101352,443183,1.Hindus,660331,2.Sikhs,136660,3.Muslims,6554,243.0,243.0,241.0,237.0,143
Haryana,Sirsa,1116649,593245,523404,823184,60.55,70.05,49.93,475571,363946,111625,641078,1.Hindus,801747,2.Sikhs,302942,3.Muslims,7056,321.0,321.0,318.0,312.0,197
Haryana,Hisar,1537117,830520,706597,1138999,64.83,76.57,51.08,665572,516817,148755,871545,1.Hindus,1497776,2.Muslims,17431,3.Sikhs,14617,272.0,272.0,272.0,260.0,219
Haryana,Bhiwani,1425022,758253,666769,1154629,67.45,80.26,53.0,609320,425210,184110,815702,1.Hindus,1407363,2.Muslims,12740,3.Sikhs,2542,437.0,437.0,437.0,429.0,252
Haryana,Rohtak,940128,509038,431090,610524,73.72,83.23,62.59,371073,288225,82848,569055,1.Hindus,924541,2.Muslims,5665,3.Sikhs,5079,146.0,146.0,146.0,130.0,118
Haryana,Jhajjar,880072,476475,403597,684975,72.38,83.27,59.65,388715,276208,112507,491357,1.Hindus,869258,2.Muslims,8311,3.Sikhs,1281,247.0,247.0,246.0,238.0,150
Haryana,Mahendragarh,812521,423578,388943,702885,69.89,84.72,54.08,351864,204704,147160,460657,1.Hindus,805991,2.Muslims,3434,3.Sikhs,2026,368.0,368.0,368.0,350.0,190
Haryana,Rewari,765351,403034,362317,629177,75.25,88.45,60.83,333622,204855,128767,431729,1.Hindus,758328,2.Muslims,3194,3.Sikhs,1668,397.0,397.0,397.0,379.0,175
Haryana,Gurgaon,1660289,886451,773838,1291285,62.91,76.17,47.78,629658,464644,165014,1030631,1.Hindus,1026542,2.Muslims,617918,3.Sikhs,6672,694.0,694.0,693.0,642.0,203
Haryana,Faridabad,2194586,1193063,1001523,973242,70.03,81.52,56.31,785762,609663,176099,1408824,1.Hindus,1896698,2.Muslims,247293,3.Sikhs,36005,413.0,413.0,413.0,376.0,188
HP,Chamba,460887,235218,225669,426345,62.91,76.41,48.85,230452,128452,102000,230435,1.Hindus,428134,2.Muslims,26801,3.Sikhs,2497,1118.0,1118.0,1111.0,852.0,300
HP,Kangra,1339030,661254,677776,1266745,80.08,87.54,73.01,588994,336649,252345,750036,1.Hindus,1301544,2.Muslims,15951,3.Buddhists,10615,3619.0,3619.0,3602.0,1869.0,786
HP,Lahul & Spiti,33224,18441,14783,33224,73.1,82.82,60.7,21088,19209,1879,12136,1.Buddhists,19535,2.Hindus,13428,3.Muslims,134,287.0,287.0,250.0,189.0,65
HP,Kullu,381571,198016,183555,351478,72.9,83.98,60.88,216513,166715,49798,165058,1.Hindus,363646,2.Buddhists,13789,3.Muslims,1788,172.0,172.0,172.0,171.0,140
HP,Mandi,901344,447872,453472,840362,75.24,85.94,64.82,454292,269076,185216,447052,1.Hindus,885097,2.Muslims,8309,3.Sikhs,4753,2833.0,2833.0,2827.0,1621.0,533
HP,Hamirpur,412700,196593,216107,382494,82.46,90.15,75.7,205405,119870,85535,207295,1.Hindus,408130,2.Muslims,3489,3.Sikhs,547,1635.0,1635.0,1619.0,555.0,289
HP,Una,448273,224524,223749,408849,80.37,87.73,73.18,201658,119050,82608,246615,1.Hindus,412491,2.Sikhs,23372,3.Muslims,11632,758.0,758.0,756.0,415.0,284
HP,Bilaspur,340885,171263,169622,318934,77.76,86.04,69.55,166708,110652,56056,174177,,331772,,5938,,2696,965.0,965.0,962.0,544.0,230
HP,Solan,500557,270291,230266,409362,76.57,84.75,66.89,263445,172274,91171,237112,,475595,,11479,,11053,2388.0,2386.0,2383.0,798.0,310
HP,Sirmaur,458593,241299,217294,410923,70.39,79.36,60.37,225872,175913,49959,232721,,418214,,25618,,12105,966.0,966.0,964.0,694.0,254
HP,Shimla,722502,380996,341506,555269,79.12,87.19,70.07,370223,305709,64514,352279,1.Hindus,704150,2.Muslims,8493,3.Sikhs,4825,2520.0,2519.0,2508.0,1363.0,396
HP,Kinnaur,78334,42173,36161,78334,75.2,84.3,64.4,47811,40313,7498,30523,1.Hindus,58021,2.Buddhists,19405,3.Christians,324,234.0,196.0,232.0,158.0,77
Jharkhand,Garhwa,1035464,535332,500132,992825,39.21,54.36,22.87,402921,231057,171864,632543,1.Hindus,867775,2.Muslims,149102,3.Christians,12353,858.0,858.0,190.0,566.0,116
Jharkhand,Palamu,2098359,1084417,1013942,1973266,44.95,58.91,29.88,793658,444921,348737,1304701,1.Hindus,1740948,2.Muslims,242980,3.Others,63100,2465.0,2465.0,410.0,1474.0,349
Jharkhand,Chatra,791434,404067,387367,749414,43.24,55.64,30.24,299108,188843,110265,492326,1.Hindus,687846,2.Muslims,92434,3.Others,4999,1343.0,1343.0,131.0,558.0,30
Jharkhand,Hazaribagh,2277475,1167793,1109682,1748406,57.74,71.81,42.87,790049,532895,257154,1487426,1.Hindus,1870586,2.Muslims,337117,3.Others,36789,1543.0,1543.0,413.0,962.0,147
Jharkhand,Kodarma,499403,249549,249854,412654,52.2,70.94,33.61,175010,109394,65616,324393,1.Hindus,421358,2.Muslims,74856,3.Sikhs,1025,526.0,526.0,200.0,269.0,72
Jharkhand,Giridih,1904430,960679,943751,1782066,44.5,62.09,26.62,644644,340925,303719,1259786,1.Hindus,1475201,2.Muslims,383253,3.Others,30778,2532.0,2532.0,481.0,1232.0,229
Jharkhand,Deoghar,1165390,608878,556512,1005539,50.09,66.38,31.99,432714,283711,149003,732676,1.Hindus,910409,2.Muslims,221705,3.Others,27263,2356.0,2356.0,289.0,768.0,94
Jharkhand,Godda,1047939,544043,503896,1010931,43.13,57.52,27.39,421941,238694,183247,625998,1.Hindus,745237,2.Muslims,210734,3.Others,68055,1633.0,1633.0,257.0,892.0,141
Jharkhand,Sahibganj,927770,477662,450108,829639,37.61,47.93,26.56,388045,278407,109638,539725,1.Hindus,522620,2.Muslims,290060,3.Christians,58723,1307.0,1307.0,119.0,599.0,69
Jharkhand,Pakaur,701664,358545,343119,665635,30.65,40.23,20.61,309575,209435,100140,392089,1.Hindus,320632,2.Muslims,227069,3.Others,110628,1128.0,1128.0,70.0,596.0,94
Jharkhand,Dumka,1759602,897364,862238,1644690,47.94,62.86,32.35,778378,470354,308024,981224,1.Hindus,1323468,2.Muslims,203741,3.Others,170201,3737.0,3737.0,213.0,1732.0,312
Jharkhand,Dhanbad,2397102,1278946,1118156,1141744,67.0,79.54,52.43,664058,492501,171557,1733044,1.Hindus,1944757,2.Muslims,364807,3.Others,61505,1121.0,1121.0,503.0,708.0,154
Jharkhand,Bokaro,1777662,938436,839226,973005,62.1,76.04,46.33,509310,336131,173179,1268352,1.Hindus,1491855,2.Muslims,194735,3.Others,69202,621.0,621.0,121.0,482.0,146
Jharkhand,Ranchi,2785064,1436976,1348088,1807243,64.57,76.56,51.72,1076904,750962,325942,1708160,1.Hindus,1399301,2.Others,767672,3.Muslims,348774,2052.0,2052.0,331.0,1343.0,377
Jharkhand,Lohardaga,364521,184507,180014,318325,53.58,67.28,39.64,153373,100918,52455,211148,1.Others,172064,2.Hindus,104089,3.Muslims,73316,352.0,352.0,45.0,254.0,69
Jharkhand,Gumla,1346767,675769,670998,1273025,51.74,63.5,39.95,658921,446953,211968,687846,1.Hindus,440373,2.Christians,425107,3.Others,419004,1393.0,1393.0,92.0,1015.0,365
Jharkhand,Pashchimi Singhbhum,2082795,1054641,1028154,1731897,50.17,65.6,34.37,917757,535154,382603,1165038,1.Others,1043701,2.Hindus,890741,3.Muslims,72044,2777.0,2777.0,249.0,1914.0,449
Jharkhand,Purbi Singhbhum,1982988,1027433,955555,891784,68.79,79.44,57.32,692664,455527,237137,1290324,1.Hindus,1318485,2.Others,408860,3.Muslims,184829,1610.0,1610.0,455.0,906.0,118
JK,Kupwara,650393,341303,309090,624898,43.24,56.1,28.68,212501,123713,88788,437892,1.Muslims,633263,2.Hindus,12708,3.Sikhs,3454,362.0,359.0,345.0,346.0,194
JK,Baramula,1169780,614816,554964,973458,45.41,57.11,32.28,371521,270992,100529,798259,1.Muslims,1141162,2.Hindus,15191,3.Sikhs,12141,639.0,639.0,617.0,595.0,231
JK,Srinagar,1202447,649491,552956,256281,59.75,69.57,48.07,384669,330195,54474,817778,1.Muslims,1138175,2.Hindus,48853,3.Sikhs,12967,168.0,168.0,168.0,149.0,74
JK,Badgam,629309,326050,303259,558721,42.53,53.5,30.57,225992,152980,73012,403317,1.Muslims,617212,2.Hindus,6533,3.Sikhs,5317,470.0,470.0,467.0,419.0,174
JK,Pulwama,652607,335544,317063,584100,49.6,60.66,37.73,212599,151135,61464,440008,,637008,,8787,,6088,538.0,538.0,538.0,473.0,181
JK,Anantnag,1172434,610007,562427,1004071,46.54,57.58,34.42,394988,261678,133310,777446,1.Muslims,1154780,2.Hindus,11589,3.Sikhs,5553,605.0,605.0,594.0,562.0,277
JK,Leh (Ladakh),117232,64306,52926,88593,65.34,75.55,52.7,58125,38776,19349,59107,1.Buddhists,90618,2.Muslims,16156,3.Hindus,9573,112.0,112.0,96.0,111.0,104
JK,Kargil,119307,64955,54352,108650,60.85,75.83,42.38,55645,38330,17315,63662,1.Muslims,95963,2.Buddhists,17875,3.Hindus,5142,127.0,127.0,91.0,126.0,105
JK,Doda,691929,363526,328403,644234,47.9,63.99,29.85,318280,194309,123971,373649,1.Muslims,400765,2.Hindus,286849,3.Sikhs,1942,654.0,649.0,574.0,557.0,395
JK,Udhampur,743509,399686,343823,626882,55.21,67.07,41.2,366430,245387,121043,377079,1.Hindus,542593,2.Muslims,190112,3.Sikhs,7723,594.0,594.0,524.0,535.0,261
JK,Punch,372613,194213,178400,348635,51.19,65.04,35.96,201100,86507,114593,171513,1.Muslims,342512,2.Hindus,19391,3.Sikhs,10297,172.0,172.0,170.0,168.0,118
JK,Rajauri,483284,257336,225948,449629,57.99,69.76,44.51,218212,118413,99799,265072,1.Muslims,291067,2.Hindus,180162,3.Sikhs,11601,377.0,377.0,360.0,344.0,189
JK,Jammu,1588772,850302,738470,887554,77.02,84.45,68.55,528331,434430,93901,1060441,,1366711,,117490,,90272,1043.0,1040.0,1033.0,787.0,328
JK,Kathua,550084,289391,260693,471356,65.57,75.71,54.44,205422,161823,43599,344662,,493966,,44793,,9152,556.0,556.0,531.0,452.0,214
Karnataka,Belgaum,4214505,2150090,2064415,3201814,64.21,75.7,52.32,1877774,1537645,340129,2336731,,3565153,,440836,,169466,1255.0,1254.0,1247.0,1240.0,740
Karnataka,Bagalkot,1651892,834247,817645,1173372,57.3,70.88,43.56,719659,561559,158100,932233,1.Hindus,1424121,2.Muslims,184013,3.Jains,23882,623.0,618.0,617.0,560.0,429
Karnataka,Bijapur,1806918,926424,880494,1410829,57.01,69.94,43.47,718213,551972,166241,1088705,1.Hindus,1495080,2.Muslims,294491,3.Jains,8356,660.0,659.0,657.0,626.0,392
Karnataka,Gulbarga,3130922,1592789,1538133,2278301,50.01,61.77,37.9,1350072,1010430,339642,1780850,1.Hindus,2381497,2.Muslims,551171,3.Buddhists,153619,1360.0,1327.0,1342.0,1337.0,708
Karnataka,Bidar,1502373,771022,731351,1157498,60.94,72.46,48.81,557603,424985,132618,944770,1.Hindus,1020174,2.Muslims,295762,3.Buddhists,122083,599.0,596.0,596.0,591.0,293
Karnataka,Raichur,1669762,841840,827922,1248925,48.81,61.52,35.93,732762,544347,188415,937000,1.Hindus,1417051,2.Muslims,228652,3.Christians,12390,830.0,806.0,796.0,306.0,338
Karnataka,Koppal,1196089,603312,592777,997797,54.1,68.42,39.61,554506,422208,132298,641583,1.Hindus,1042294,2.Muslims,137174,3.Religion not stated,5395,594.0,590.0,594.0,560.0,281
Karnataka,Gadag,971835,493533,478302,629652,66.11,79.32,52.52,457817,388763,69054,514018,1.Hindus,825166,2.Muslims,126232,3.Others,7743,329.0,327.0,322.0,297.0,202
Karnataka,Dharwad,1604253,823204,781049,722336,71.61,80.82,61.92,684492,587018,97474,919761,1.Hindus,1221335,2.Muslims,315177,3.Christians,27634,361.0,358.0,359.0,313.0,201
Karnataka,Uttara Kannada,1353644,686876,666768,965731,76.6,84.53,68.47,581278,455302,125976,772366,1.Hindus,1132005,2.Muslims,161574,3.Christians,44907,1246.0,1243.0,1148.0,964.0,359
Karnataka,Haveri,1439116,740469,698647,1140096,67.79,77.61,57.37,666714,531221,135493,772402,1.Hindus,1163323,2.Muslims,253927,3.Jains,9829,,,,,
Karnataka,Bellary,2027140,1029714,997426,1320290,57.4,69.2,45.28,920821,801369,119452,1106319,1.Hindus,1739522,2.Muslims,257806,3.Christians,13226,524.0,523.0,524.0,381.0,260
Karnataka,Chitradurga,1517896,776221,741675,1243658,64.45,74.66,53.78,721835,576035,145800,796061,1.Hindus,1388506,2.Muslims,109412,3.Religion not stated,8411,946.0,916.0,946.0,879.0,197
Karnataka,Davanagere,1790952,917705,873247,1247954,67.43,76.37,58.04,783781,631726,152055,1007171,1.Hindus,1532714,2.Muslims,226708,3.Religion not stated,10944,810.0,786.0,808.0,727.0,278
Karnataka,Shimoga,1642545,830559,811986,1071535,74.52,82.01,66.88,714671,586832,127839,927874,1.Hindus,1401087,2.Muslims,200979,3.Christians,26474,1443.0,1415.0,1399.0,989.0,311
Karnataka,Udupi,1112243,522231,590012,905890,81.25,88.23,75.19,488173,417287,70886,624070,1.Hindus,958389,2.Muslims,83059,3.Christians,65634,,,,,
Karnataka,Chikmagalur,1140905,574911,565994,918181,72.2,80.29,64.01,516677,428830,87847,624228,1.Hindus,1004674,2.Muslims,94429,3.Christians,27501,1034.0,1029.0,1034.0,518.0,161
Karnataka,Tumkur,2584711,1313801,1270910,2077509,67.01,76.78,56.94,1316939,1050291,266648,1267772,1.Hindus,2349801,2.Muslims,211732,3.Christians,7736,2574.0,2477.0,2573.0,2123.0,382
Karnataka,Kolar,2536069,1286193,1249876,1910546,62.84,73.17,52.23,1235028,1014667,220361,1301041,1.Hindus,2196660,2.Muslims,298767,3.Christians,32547,2919.0,2797.0,2785.0,2342.0,490
Karnataka,Bangalore,6537124,3426599,3110525,777137,82.96,87.92,77.48,2566914,2378180,188734,3970210,1.Hindus,5188807,2.Muslims,874600,3.Christians,378978,668.0,651.0,644.0,561.0,144
Karnataka,Bangalore Rural,1881514,962183,919331,1474118,64.7,73.99,54.99,892531,726652,165879,988983,1.Hindus,1693838,2.Muslims,170570,3.Christians,8737,,,,,
Karnataka,Mandya,1763705,888034,875671,1480990,61.05,70.5,51.53,840419,682440,157979,923286,1.Hindus,1667640,2.Muslims,69890,3.Buddhists,11093,1369.0,1330.0,1323.0,1185.0,458
Karnataka,Hassan,1721669,859086,862583,1416996,68.63,78.37,59.0,864711,702827,161884,856958,1.Hindus,1587287,2.Muslims,104730,3.Christians,15598,2394.0,2330.0,2341.0,1990.0,482
Karnataka,Dakshina Kannada,1897730,938434,959296,1168428,83.35,89.7,77.21,946390,841509,104881,951340,1.Hindus,1301603,2.Muslims,418904,3.Christians,164982,354.0,354.0,354.0,352.0,327
Karnataka,Kodagu,548561,274831,273730,473179,77.99,83.7,72.26,266378,247574,18804,282183,1.Hindus,450694,2.Muslims,78466,3.Christians,17951,291.0,279.0,286.0,267.0,138
Karnataka,Mysore,2641027,1344670,1296357,1658899,63.48,70.88,55.81,1110264,926129,184135,1530763,1.Hindus,2309267,2.Muslims,234302,3.Buddhists,37924,1216.0,1184.0,1215.0,1101.0,459
Karnataka,Chamarajanagar *,965462,489940,475522,817372,50.87,59.03,42.48,448369,336961,111408,517093,1.Hindus,863591,2.Muslims,39764,3.Buddhists,34114,424.0,421.0,418.0,368.0,108
Kerala,Kasaragod,1204078,588083,615995,970378,84.57,90.36,79.12,417845,327762,90083,786233,,705234,,413063,,84891,112.0,112.0,112.0,111.0,93
Kerala,Kannur,2408956,1152817,1256139,1196058,92.59,96.13,89.4,767197,626876,140321,1641759,,1480748,,665648,,261019,78.0,78.0,78.0,78.0,78
Kerala,Wayanad,780619,391273,389346,751007,85.25,89.77,80.72,308613,219789,88824,472006,,392141,,209758,,175495,48.0,48.0,48.0,47.0,48
Kerala,Kozhikode,2879131,1399358,1479773,1777974,92.24,96.11,88.62,802900,630836,172064,2076231,,1669161,,1078750,,127468,87.0,87.0,87.0,87.0,87
Kerala,Malappuram,3625471,1754576,1870895,3269301,89.61,93.25,86.26,874476,691848,182628,2750995,,2484576,,1057418,,80650,122.0,122.0,122.0,122.0,121
Kerala,Palakkad,2617482,1266985,1350497,2260907,84.35,89.52,79.56,945052,768620,176432,1672430,,1802766,,703596,,109249,144.0,144.0,144.0,141.0,139
Kerala,Thrissur,2974232,1422052,1552180,2134799,92.27,95.11,89.71,955300,808965,146335,2018932,,1761842,,720152,,488697,204.0,204.0,204.0,196.0,194
Kerala,Ernakulam,3105798,1538397,1567401,1628713,93.2,95.81,90.66,1117091,915756,201335,1988707,1.Hindus,1444994,2.Christians,1204471,3.Muslims,451764,90.0,90.0,90.0,89.0,89
Kerala,Idukki,1129221,566682,562539,1071628,88.69,92.33,85.02,487352,400699,86653,641869,,566744,,480108,,81222,64.0,64.0,64.0,60.0,62
Kerala,Kottayam,1953646,964926,988720,1653838,95.82,97.34,94.35,642157,539609,102548,1311489,,963497,,871371,,116686,89.0,89.0,89.0,89.0,88
Kerala,Alappuzha,2109160,1014529,1094631,1487703,93.43,96.27,90.82,723354,547049,176305,1385806,,1457188,,441643,,208042,77.0,77.0,77.0,75.0,74
Kerala,Pathanamthitta,1234016,589398,644618,1110218,94.84,96.41,93.43,366049,285844,80205,867967,,694560,,481602,,56457,65.0,65.0,65.0,64.0,63
Kerala,Kollam,2585208,1249621,1335587,2119230,91.18,94.43,88.18,828566,654823,173743,1756642,,1685044,,474071,,423745,93.0,93.0,93.0,93.0,92
Kerala,Thiruvananthapuram,3234356,1569917,1664439,2142695,89.28,92.64,86.14,1047935,818497,229438,2186421,,2202112,,595563,,431512,91.0,91.0,91.0,91.0,90
Lakshdweep,Lakshadweep,60650,31131,29519,33683,86.66,92.53,80.47,15354,11710,3644,45296,1.Muslims,57903,2.Hindus,2221,3.Christians,509,8.0,8.0,8.0,7.0,7
Maharashtra,Nandurbar,1311709,663511,648198,1109036,55.78,66.16,45.18,610033,458321,151712,701676,1.Hindus,1198481,2.Muslims,71215,3.Christians,17953,935.0,932.0,778.0,920.0,259
Maharashtra,Dhule,1707947,878372,829575,1262062,71.65,81.4,61.39,737941,573496,164445,970006,1.Hindus,1522895,2.Muslims,149466,3.Buddhists,14613,678.0,675.0,673.0,669.0,276
Maharashtra,Jalgaon,3682690,1905493,1777197,2629896,75.43,85.91,64.3,1563983,1300086,263897,2118707,1.Hindus,3049368,2.Muslims,455288,3.Buddhists,126136,1491.0,1491.0,1486.0,1470.0,934
Maharashtra,Buldana,2232480,1147403,1085077,1759097,75.78,86.93,64.07,1016015,908797,107218,1216465,1.Hindus,1622192,2.Buddhists,306503,3.Muslims,285387,1297.0,1289.0,1263.0,1194.0,379
Maharashtra,Akola,1630239,841253,788986,1002742,81.41,88.91,73.43,648243,582264,65979,981996,1.Hindus,1024080,2.Muslims,296272,3.Buddhists,293184,862.0,851.0,840.0,786.0,212
Maharashtra,Washim,1020216,526094,494122,841771,73.37,85.44,60.57,455332,395651,59681,564884,1.Hindus,746841,2.Buddhists,150580,3.Muslims,111863,702.0,697.0,687.0,666.0,292
Maharashtra,Amravati,2607160,1345614,1261546,1707581,82.54,88.91,75.73,1095622,908363,187259,1511538,1.Hindus,1883148,2.Buddhists,350403,3.Muslims,347250,1679.0,1646.0,1629.0,1444.0,705
Maharashtra,Wardha,1236736,638990,597746,911695,80.06,87.18,72.45,550351,431330,119021,686385,1.Hindus,1006235,2.Buddhists,169579,3.Muslims,47605,1004.0,998.0,998.0,842.0,392
Maharashtra,Nagpur,4067637,2105314,1962323,1453886,84.03,90.18,77.42,1538349,1283079,255270,2529288,1.Hindus,3090588,2.Buddhists,589218,3.Muslims,296709,1628.0,1621.0,1616.0,1419.0,161
Maharashtra,Bhandara,1136146,573445,562701,960418,78.47,88.97,67.82,536885,365464,171421,599261,1.Hindus,953507,2.Buddhists,144541,3.Muslims,23324,778.0,772.0,774.0,716.0,442
Maharashtra,Gondiya,1200707,598834,601873,1057276,78.52,89.61,67.58,579596,391890,187706,621111,1.Hindus,1041802,2.Buddhists,119618,3.Muslims,21980,893.0,891.0,884.0,832.0,527
Maharashtra,Gadchiroli,970294,491101,479193,903033,60.1,71.86,48.07,497104,336959,160145,473190,1.Hindus,818640,2.Buddhists,78058,3.Others,44825,1521.0,1509.0,1320.0,1279.0,369
Maharashtra,Chandrapur,2071101,1062993,1008108,1406034,73.17,82.94,62.89,930791,683029,247762,1140310,1.Hindus,1680113,2.Buddhists,274067,3.Muslims,76050,1472.0,1462.0,1444.0,1359.0,318
Maharashtra,Yavatmal,2458271,1265681,1192590,2001060,73.62,84.09,62.52,1118937,949453,169484,1339334,1.Hindus,1999368,2.Buddhists,221793,3.Muslims,196909,1856.0,1820.0,1795.0,1729.0,723
Maharashtra,Nanded,2876259,1481358,1394901,2187195,67.77,80.44,54.35,1202037,965087,236950,1674222,1.Hindus,2162185,2.Muslims,385081,3.Buddhists,302161,1546.0,1538.0,1531.0,1536.0,209
Maharashtra,Hingoli,987160,505373,481787,833130,66.25,80.71,51.17,459978,412838,47140,527182,1.Hindus,728893,2.Buddhists,147927,3.Muslims,103199,672.0,659.0,657.0,650.0,171
Maharashtra,Parbhani,1527715,780191,747524,1042529,66.07,79.63,52.02,644752,559917,84835,882963,1.Hindus,1121246,2.Muslims,243935,3.Buddhists,153231,830.0,830.0,824.0,821.0,386
Maharashtra,Jalna,1612980,826903,786077,1305115,64.4,79.14,49.04,716900,611998,104902,896080,1.Hindus,1255041,2.Muslims,211531,3.Buddhists,121033,963.0,963.0,959.0,952.0,380
Maharashtra,Aurangabad,2897013,1505363,1391650,1809863,72.94,84.89,60.09,1176857,1025531,151326,1720156,1.Hindus,2030181,2.Muslims,569516,3.Buddhists,247222,1300.0,1294.0,1286.0,1236.0,701
Maharashtra,Nashik,4993796,2590912,2402884,3056240,74.36,83.65,64.35,2185573,1911340,274233,2808223,1.Hindus,4306179,2.Muslims,525983,3.Buddhists,84044,1923.0,1923.0,1911.0,1905.0,918
Maharashtra,Thane,8131849,4377747,3754102,2229376,80.66,87.06,73.1,3179981,2782004,397977,4951868,1.Hindus,6506337,2.Muslims,880827,3.Buddhists,309630,1727.0,1726.0,1723.0,1709.0,697
Maharashtra,Mumbai (Suburban) *,8640419,4741720,3898699,-,86.89,91.56,81.12,3152509,2971039,181470,5487910,1.Hindus,5953475,2.Muslims,1488987,3.Buddhists,464354,,,,,
Maharashtra,Mumbai,3338031,1878246,1459785,-,86.4,90.23,81.38,1311739,1250710,61029,2026292,1.Hindus,2119750,2.Muslims,734484,3.Buddhists,161417,,,,,
Maharashtra,Raigarh,2207929,1117628,1090301,1673094,77.03,86.15,67.75,913995,664689,249306,1293934,1.Hindus,1916707,2.Muslims,170003,3.Buddhists,93251,1859.0,1858.0,1848.0,1723.0,562
Maharashtra,Pune,7232555,3769128,3463427,3031718,80.45,88.34,71.89,2954482,2645429,309053,4278073,1.Hindus,6197349,2.Muslims,452397,3.Buddhists,321948,1844.0,1844.0,1815.0,1809.0,755
Maharashtra,Ahmadnagar,4040642,2083053,1957589,3236945,75.3,85.7,64.35,1857046,1611061,245985,2183596,1.Hindus,3664259,2.Muslims,264145,3.Jains,38561,1578.0,1578.0,1578.0,1575.0,852
Maharashtra,Bid,2161250,1116356,1044894,1774180,67.99,80.7,54.52,957584,830658,126926,1203666,1.Hindus,1827298,2.Muslims,256582,3.Buddhists,65122,1354.0,1353.0,1354.0,1344.0,318
Maharashtra,Latur,2080285,1075257,1005028,1590024,71.54,82.94,59.4,840518,712849,127669,1239767,1.Hindus,1700679,2.Muslims,292996,3.Buddhists,74351,921.0,921.0,919.0,917.0,409
Maharashtra,Osmanabad,1486586,769368,717218,1253330,69.02,80.42,56.89,653522,555202,98320,833064,1.Hindus,1297858,2.Muslims,151181,3.Buddhists,28356,729.0,729.0,727.0,726.0,400
Maharashtra,Solapur,3849543,1989623,1859920,2624259,71.25,81.99,59.84,1743041,1485967,257074,2106502,1.Hindus,3386955,2.Muslims,377579,3.Buddhists,38497,1138.0,1136.0,1138.0,1131.0,715
Maharashtra,Satara,2808994,1408326,1400668,2410873,78.22,88.2,68.38,1303658,1044989,258669,1505336,1.Hindus,2533359,2.Buddhists,128570,3.Muslims,125661,1716.0,1716.0,1701.0,1680.0,646
Maharashtra,Ratnagiri,1696777,794498,902279,1504568,75.05,85.89,65.77,763387,557613,205774,933390,1.Hindus,1391137,2.Muslims,175672,3.Buddhists,120855,1539.0,1538.0,1539.0,1484.0,810
Maharashtra,Sindhudurg,868825,417890,450935,786506,80.3,90.26,71.23,404985,233827,171158,463840,1.Hindus,802498,2.Buddhists,24320,3.Muslims,23668,743.0,743.0,735.0,722.0,593
Maharashtra,Kolhapur,3523162,1807470,1715692,2472809,76.93,87.47,66.02,1652970,1394882,258088,1870192,1.Hindus,3077263,2.Muslims,236875,3.Jains,147285,1196.0,1194.0,1190.0,1185.0,638
Maharashtra,Sangli,2583524,1320088,1263436,1950306,76.62,86.26,66.73,1218655,952241,266414,1364869,1.Hindus,2243478,2.Muslims,203524,3.Jains,85160,721.0,721.0,721.0,719.0,567
Manipur,Tamenglong,111499,58014,53485,111499,59.25,68.72,48.95,50863,43353,7510,60636,1.Christians,105791,2.Hindus,3187,3.Muslims,1431,171.0,171.0,75.0,157.0,42
Manipur,Churachandpur,227905,117232,110673,227905,70.59,77.67,63.06,99363,71933,27430,128542,1.Christians,213186,2.Hindus,10538,3.Muslims,2573,540.0,539.0,306.0,395.0,66
Manipur,Bishnupur,208368,104550,103818,133627,67.63,79.61,55.66,89703,55557,34146,118665,1.Hindus,148903,2.Others,38763,3.Muslims,14194,48.0,48.0,46.0,47.0,28
Manipur,Thoubal,364140,182250,181890,232868,66.41,80.43,52.46,177343,111486,65857,186797,1.Hindus,221096,2.Muslims,86849,3.Others,50819,90.0,90.0,84.0,88.0,36
Manipur,Imphal West,444382,221781,222601,197699,80.22,89.22,71.33,178111,129101,49010,266271,1.Hindus,330994,2.Others,73705,3.Muslims,19124,114.0,114.0,114.0,112.0,35
Manipur,Imphal East,394876,198371,196505,286566,75.45,85.5,65.35,156882,106562,50320,237994,1.Hindus,240347,2.Others,67741,3.Muslims,62932,197.0,196.0,191.0,189.0,35
Manipur,Ukhrul,140778,73465,67313,140778,73.12,80.13,65.41,66515,51564,14951,74263,1.Christians,133966,2.Hindus,5687,3.Muslims,881,198.0,198.0,154.0,188.0,47
Manipur,Chandel,118327,59741,58586,103365,56.23,64.34,47.98,54545,39935,14610,63782,1.Christians,109128,2.Hindus,5701,3.Muslims,2318,350.0,323.0,190.0,214.0,25
Meghalya,West Garo Hills,518390,263424,254966,459412,50.67,57.03,44.12,208361,163008,45353,310029,1.Christians,282865,2.Hindus,111528,3.Muslims,78973,1469.0,1465.0,536.0,1118.0,148
Meghalya,East Garo Hills,250582,127474,123108,214675,60.62,66.15,54.89,111996,78806,33190,138586,1.Christians,222892,2.Hindus,14113,3.Others,8305,864.0,862.0,287.0,716.0,91
Meghalya,South Garo Hills,100980,52007,48973,92337,55.0,61.52,48.02,47848,31351,16497,53132,1.Christians,90526,2.Hindus,4880,3.Muslims,2767,595.0,595.0,117.0,416.0,22
Meghalya,West Khasi Hills,296049,150419,145630,261451,65.1,66.49,63.65,129095,97784,31311,166954,1.Christians,280548,2.Others,8778,3.Hindus,5661,924.0,923.0,326.0,877.0,70
Meghalya,Ri Bhoi,192790,99319,93471,179610,65.73,68.81,62.43,89407,71237,18170,103383,1.Christians,153682,2.Hindus,29117,3.Others,7175,543.0,543.0,359.0,457.0,37
Meghalya,East Khasi Hills,660923,333553,327370,383175,76.07,77.28,74.84,256562,219190,37372,404361,1.Christians,403277,2.Hindus,129373,3.Others,110959,920.0,920.0,682.0,758.0,54
Meghalya,Jaintia Hills,299108,149891,149217,274051,51.87,50.08,53.67,126877,95635,31242,172231,1.Christians,195196,2.Others,87827,3.Hindus,13150,467.0,462.0,291.0,383.0,70
Mizoram,Mamit,62785,33114,29671,52132,79.14,82.98,74.81,35165,27428,7737,27620,1.Christians,50563,2.Buddhists,8579,3.Hindus,2404,82.0,81.0,63.0,72.0,35
Mizoram,Kolasib,65960,34562,31398,29461,91.34,92.34,90.22,35510,27441,8069,30450,1.Christians,59098,2.Hindus,4237,3.Muslims,1995,39.0,39.0,30.0,30.0,19
Mizoram,Aizawl,325676,166877,158799,77531,96.51,96.75,96.26,162961,125328,37633,162715,1.Christians,303893,2.Hindus,14508,3.Muslims,5185,96.0,96.0,81.0,86.0,46
Mizoram,Champhai,108392,55756,52636,66343,91.19,93.15,89.1,68134,49658,18476,40258,1.Christians,105061,2.Hindus,2248,3.Muslims,432,88.0,88.0,64.0,80.0,51
Mizoram,Serchhip,53861,27380,26481,27983,95.15,96.18,94.08,32523,24783,7740,21338,1.Christians,52495,2.Hindus,531,3.Others,524,35.0,35.0,34.0,32.0,25
Mizoram,Lunglei,137223,71402,65821,79267,84.17,87.44,80.6,71792,60870,10922,65431,1.Christians,109204,2.Buddhists,22429,3.Hindus,4612,160.0,160.0,101.0,130.0,55
Mizoram,Lawngtlai,73620,38776,34844,73620,64.74,70.9,57.81,34093,26188,7905,39527,1.Buddhists,38410,2.Christians,32877,3.Hindus,1910,139.0,139.0,27.0,134.0,24
Mizoram,Saiha,61056,31242,29814,41230,82.19,86.11,78.07,26981,20754,6227,34075,1.Christians,59618,2.Hindus,1112,3.Muslims,209,68.0,68.0,26.0,67.0,28
Madhya Pradesh,Sheopur,559495,295297,264198,470924,46.4,61.76,29.07,229277,152553,76724,330218,1.Hindus,519697,2.Muslims,32822,3.Sikhs,5882,527.0,525.0,408.0,438.0,159
Madhya Pradesh,Morena,1592714,874089,718625,1249409,64.74,79.89,46.24,590599,451530,139069,1002115,1.Hindus,1523438,2.Muslims,59903,3.Jains,7177,782.0,776.0,749.0,736.0,368
Madhya Pradesh,Bhind,1428559,780902,647657,1089626,70.52,83.19,55.23,525370,396769,128601,903189,1.Hindus,1339646,2.Muslims,55490,3.Jains,19812,889.0,887.0,863.0,864.0,427
Madhya Pradesh,Gwalior,1632109,883317,748792,649101,69.38,80.36,56.4,530629,441815,88814,1101480,1.Hindus,1470346,2.Muslims,110171,3.Sikhs,22090,612.0,611.0,594.0,558.0,246
Madhya Pradesh,Datia,628240,338232,290008,490691,71.83,84.29,57.23,316020,226330,89690,312220,1.Hindus,593927,2.Muslims,23119,3.Buddhists,9407,551.0,546.0,543.0,512.0,197
Madhya Pradesh,Shivpuri,1441950,776190,665760,1202277,58.86,74.11,40.84,652270,507173,145097,789680,1.Hindus,1374040,2.Muslims,42918,3.Jains,12093,1353.0,1348.0,1258.0,1166.0,375
Madhya Pradesh,Guna,1666767,884020,782747,1311954,59.55,74.13,42.88,682988,496734,186254,983779,1.Hindus,1554490,2.Muslims,73076,3.Jains,26326,2078.0,2067.0,1969.0,1639.0,267
Madhya Pradesh,Tikamgarh,1202998,637913,565085,990265,55.73,68.68,40.99,566177,395575,170602,636821,1.Hindus,1150150,2.Muslims,37094,3.Jains,14604,865.0,863.0,859.0,808.0,279
Madhya Pradesh,Chhatarpur,1474723,788933,685790,1150428,53.26,65.28,39.26,592470,441443,151027,882253,1.Hindus,1404412,2.Muslims,57659,3.Jains,9766,1080.0,1075.0,1033.0,970.0,407
Madhya Pradesh,Panna,856558,450549,406009,748374,61.36,73.33,47.97,373605,261183,112422,482953,1.Hindus,820662,2.Muslims,30043,3.Jains,4534,955.0,948.0,836.0,811.0,230
Madhya Pradesh,Sagar,2021987,1073205,948782,1431080,67.73,79.41,54.35,839763,637857,201906,1182224,1.Hindus,1868720,2.Muslims,83815,3.Jains,59931,1901.0,1891.0,1825.0,1427.0,379
Madhya Pradesh,Damoh,1083949,570229,513720,879598,61.75,74.67,47.3,486486,348890,137596,597463,1.Hindus,1015688,2.Muslims,41288,3.Jains,23818,1175.0,1172.0,1103.0,910.0,272
Madhya Pradesh,Satna,1870104,971396,898708,1484551,64.61,77.14,51.05,745244,554667,190577,1124860,1.Hindus,1811634,2.Muslims,50172,3.Jains,3162,1817.0,1811.0,1683.0,1389.0,456
Madhya Pradesh,Rewa,1973306,1016687,956619,1652743,62.01,75.65,47.58,862959,585034,277925,1110347,1.Hindus,1900712,2.Muslims,68651,3.Christians,1080,2415.0,2398.0,2263.0,1545.0,607
Madhya Pradesh,Umaria,515963,265128,250835,432830,59.13,72.89,44.54,217537,141725,75812,298426,1.Hindus,493821,2.Muslims,14867,3.Others,5720,589.0,588.0,541.0,513.0,157
Madhya Pradesh,Shahdol,1575303,804988,770315,1177149,58.71,71.8,44.99,681924,453017,228907,893379,1.Hindus,1505070,2.Muslims,53668,3.Others,7293,1380.0,1377.0,1233.0,1297.0,846
Madhya Pradesh,Sidhi,1831152,947830,883322,1570121,52.27,67.36,35.98,757585,544069,213516,1073567,1.Hindus,1760525,2.Muslims,58632,3.Others,6977,1754.0,1750.0,1513.0,1427.0,344
Madhya Pradesh,Neemuch,726070,372419,353651,523100,66.16,82.53,48.99,348262,282243,66019,377808,1.Hindus,651244,2.Muslims,56645,3.Jains,14626,674.0,674.0,669.0,582.0,168
Madhya Pradesh,Mandsaur,1183724,605119,578605,963020,70.31,85.24,54.73,570329,454507,115822,613395,1.Hindus,1054413,2.Muslims,107010,3.Jains,19519,906.0,896.0,902.0,830.0,300
Madhya Pradesh,Ratlam,1215393,620862,594531,846959,67.17,79.52,54.28,547852,405049,142803,667541,1.Hindus,1056199,2.Muslims,124158,3.Jains,28873,1053.0,1027.0,1029.0,962.0,200
Madhya Pradesh,Ujjain,1710982,882871,828111,1048195,70.86,83.05,57.87,755288,588377,166911,955694,1.Hindus,1484134,2.Muslims,191839,3.Jains,24829,1096.0,1084.0,1096.0,1040.0,257
Madhya Pradesh,Shajapur,1290685,669852,620833,1051455,70.86,83.29,57.42,629791,436444,193347,660894,1.Hindus,1132623,2.Muslims,142569,3.Jains,13536,1068.0,1064.0,1061.0,993.0,209
Madhya Pradesh,Dewas,1308223,677866,630357,949876,60.94,75.74,45.03,580422,429159,151263,727801,1.Hindus,1158128,2.Muslims,137379,3.Jains,6767,1061.0,1059.0,1055.0,944.0,356
Madhya Pradesh,Jhabua,1394561,702053,692508,1273530,36.89,47.97,25.7,732246,487387,244859,662315,1.Hindus,1330834,2.Christians,27259,3.Muslims,26356,1317.0,1304.0,1227.0,1216.0,520
Madhya Pradesh,Dhar,1740329,890416,849913,1452145,52.45,65.75,38.57,811415,595586,215829,928914,1.Hindus,1632299,2.Muslims,91485,3.Jains,12397,1473.0,1467.0,1434.0,1312.0,752
Madhya Pradesh,Indore,2465827,1289352,1176475,735464,75.15,84.6,64.81,893669,766796,126873,1572158,1.Hindus,2066384,2.Muslims,287121,3.Jains,63037,625.0,625.0,624.0,574.0,227
Madhya Pradesh,West Nimar,1529562,784604,744958,1294103,63.05,74.79,50.64,704439,589450,114989,825123,1.Hindus,1409370,2.Muslims,108719,3.Jains,6273,1181.0,1174.0,1159.0,1093.0,375
Madhya Pradesh,Barwani,1081441,548609,532832,923466,41.53,50.96,31.82,523750,390220,133530,557691,1.Hindus,1026644,2.Muslims,45821,3.Christians,3636,711.0,709.0,611.0,664.0,257
Madhya Pradesh,East Nimar,1713134,884966,828168,1253213,61.76,73.73,48.95,752695,628376,124319,960439,1.Hindus,1438583,2.Muslims,241897,3.Buddhists,17919,1054.0,1051.0,1012.0,995.0,477
Madhya Pradesh,Rajgarh,1254085,649106,604979,1036763,53.7,69.14,37.1,625494,438139,187355,628591,1.Hindus,1166394,2.Muslims,83895,3.Jains,1854,1677.0,1671.0,1664.0,1354.0,205
Madhya Pradesh,Vidisha,1214857,647838,567019,954490,61.83,74.23,47.4,451787,346221,105566,763070,1.Hindus,1071618,2.Muslims,122788,3.Jains,17757,1533.0,1502.0,1479.0,1195.0,304
Madhya Pradesh,Bhopal,1843510,972649,870861,360792,74.61,81.94,66.37,591454,500524,90930,1252056,1.Hindus,1346829,2.Muslims,421365,3.Jains,22238,512.0,510.0,511.0,411.0,82
Madhya Pradesh,Sehore,1078912,565137,513775,885172,63.07,77.28,47.36,451442,308433,143009,627470,1.Hindus,961700,2.Muslims,109122,3.Jains,5936,1019.0,1018.0,1014.0,939.0,292
Madhya Pradesh,Raisen,1125154,598247,526907,918354,72.16,81.58,61.3,411721,308803,102918,713433,1.Hindus,1009511,2.Muslims,101922,3.Jains,10459,1425.0,1403.0,1339.0,1227.0,230
Madhya Pradesh,Betul,1395175,709956,685219,1136056,66.38,76.81,55.58,615976,418604,197372,779199,1.Hindus,1340631,2.Muslims,32554,3.Buddhists,12957,1343.0,1333.0,1298.0,1263.0,399
Madhya Pradesh,Harda,474416,247226,227190,373249,66.51,77.94,54.06,213226,152079,61147,261190,1.Hindus,441743,2.Muslims,29554,3.Jains,1505,513.0,512.0,486.0,394.0,52
Madhya Pradesh,Hoshangabad,1084265,571774,512491,749871,70.0,80.83,57.83,387120,293965,93155,697145,1.Hindus,1025978,2.Muslims,45155,3.Christians,4319,929.0,925.0,883.0,796.0,375
Madhya Pradesh,Katni,1064167,548368,515799,838906,63.56,77.94,48.24,443695,295075,148620,620472,1.Hindus,1021106,2.Muslims,30474,3.Jains,5307,896.0,884.0,847.0,782.0,279
Madhya Pradesh,Jabalpur,2151203,1127304,1023899,923863,75.69,84.56,65.88,799602,624580,175022,1351601,1.Hindus,1891876,2.Muslims,167522,3.Jains,32383,1386.0,1334.0,1342.0,1053.0,323
Madhya Pradesh,Narsimhapur,957646,501645,456001,804536,77.73,86.13,68.47,403463,310073,93390,554183,1.Hindus,912409,2.Muslims,33461,3.Jains,8178,1052.0,1017.0,1033.0,855.0,273
Madhya Pradesh,Dindori,580730,291716,289014,553860,54.17,69.95,38.24,330907,260447,70460,249823,1.Hindus,465958,2.Others,104993,3.Muslims,5498,902.0,895.0,775.0,799.0,197
Madhya Pradesh,Mandla,894236,447956,446280,802322,59.61,73.72,45.49,464397,322151,142246,429839,1.Hindus,784274,2.Others,86203,3.Muslims,13280,1213.0,1177.0,1047.0,1140.0,342
Madhya Pradesh,Chhindwara,1849283,947337,901946,1397080,65.81,76.45,54.63,779533,559318,220215,1069750,1.Hindus,1713457,2.Muslims,90548,3.Buddhists,25471,1906.0,1885.0,1882.0,1675.0,408
Madhya Pradesh,Seoni,1166608,588750,577858,1045921,65.61,77.18,53.82,569060,380973,188087,597548,1.Hindus,962741,2.Others,124312,3.Muslims,65890,1584.0,1571.0,1550.0,1461.0,360
Madhya Pradesh,Balaghat,1497968,740749,757219,1303996,68.72,80.63,57.18,753581,493229,260352,744387,1.Hindus,1340617,2.Buddhists,67169,3.Others,44426,1285.0,1274.0,1169.0,1165.0,457
Nagaland,Mon,260652,138753,121899,244062,41.83,46.56,36.35,130848,108206,22642,129804,1.Christians,248684,2.Hindus,9963,3.Muslims,1748,110.0,110.0,102.0,107.0,69
Nagaland,Tuensang,414818,218678,196140,385046,50.64,55.12,45.58,184924,156950,27974,229894,1.Christians,406287,2.Hindus,6856,3.Muslims,1329,251.0,251.0,238.0,230.0,123
Nagaland,Mokokchung,232085,120929,111156,200871,83.92,86.03,81.61,109260,82160,27100,122825,1.Christians,219282,2.Hindus,10433,3.Muslims,2128,102.0,101.0,97.0,99.0,82
Nagaland,Zunheboto,153955,79056,74899,130874,69.28,73.74,64.57,56783,47491,9292,97172,1.Christians,150097,2.Hindus,3193,3.Muslims,492,187.0,186.0,187.0,178.0,57
Nagaland,Wokha,161223,83670,77553,123587,80.55,85.35,75.32,56254,49679,6575,104969,1.Christians,155009,2.Hindus,4787,3.Muslims,1209,128.0,128.0,105.0,104.0,67
Nagaland,Dimapur,309024,166663,142361,194424,76.82,81.05,71.76,103306,87581,15725,205718,1.Christians,189098,2.Hindus,91885,3.Muslims,24706,216.0,215.0,178.0,185.0,90
Nagaland,Kohima,310084,162251,147833,233054,74.54,80.3,68.15,135023,114456,20567,175061,1.Christians,278844,2.Hindus,21950,3.Others,5457,180.0,179.0,148.0,164.0,82
Nagaland,Phek,148195,77141,71054,135331,70.65,78.37,62.26,71398,57454,13944,76797,1.Christians,143048,2.Hindus,4095,3.Muslims,517,104.0,104.0,102.0,102.0,54
Orrisa,Bargarh,1346336,681500,664836,1242795,63.99,77.41,50.26,593530,384710,208820,752806,1.Hindus,1327967,2.Christians,10121,3.Muslims,6758,1180.0,1180.0,1154.0,1134.0,229
Orrisa,Jharsuguda,509716,261941,247775,323831,70.65,82.16,58.48,189593,133148,56445,320123,1.Hindus,490127,2.Muslims,9498,3.Christians,8485,346.0,346.0,335.0,321.0,65
Orrisa,Sambalpur,935613,475122,460491,681835,67.25,78.99,55.16,421346,282174,139172,514267,1.Hindus,873795,2.Christians,38786,3.Muslims,19438,1238.0,1238.0,1037.0,825.0,166
Orrisa,Debagarh,274108,138408,135700,254012,60.36,73.33,47.18,126260,69848,56412,147848,1.Hindus,261544,2.Christians,11216,3.Muslims,1055,711.0,711.0,307.0,487.0,41
Orrisa,Sundargarh,1830673,935601,895072,1201479,64.86,75.34,53.88,738803,480134,258669,1091870,1.Hindus,1431762,2.Christians,308476,3.Muslims,61873,1723.0,1723.0,1220.0,1436.0,345
Orrisa,Kendujhar,1561990,790036,771954,1348967,59.24,71.99,46.22,621226,395160,226066,940764,1.Hindus,1525874,2.Muslims,20390,3.Others,6750,2069.0,2062.0,1415.0,1677.0,374
Orrisa,Mayurbhanj,2223456,1123200,1100256,2067756,51.91,65.76,37.84,1027797,618457,409340,1195659,1.Hindus,1859639,2.Others,325847,3.Muslims,26437,3748.0,3746.0,2234.0,2681.0,561
Orrisa,Baleshwar,2024508,1036511,987997,1804140,70.56,81.69,58.9,645133,483345,161788,1379375,1.Hindus,1937765,2.Muslims,76270,3.Christians,5967,2587.0,2587.0,2314.0,1782.0,298
Orrisa,Bhadrak,1333749,675642,658107,1192678,73.86,84.65,62.85,385119,301570,83549,948630,1.Hindus,1248486,2.Muslims,83993,3.Religion not stated,622,1243.0,1243.0,973.0,954.0,203
Orrisa,Kendrapara,1302005,646438,655567,1227868,76.81,87.11,66.76,388296,293565,94731,913709,1.Hindus,1257156,2.Muslims,43394,3.Christians,966,1407.0,1407.0,1189.0,1109.0,236
Orrisa,Jagatsinghapur,1057629,538881,518748,953180,79.08,88.55,69.28,329973,247726,82247,727656,1.Hindus,1014872,2.Muslims,40586,3.Christians,1119,1227.0,1227.0,1093.0,905.0,174
Orrisa,Cuttack,2341094,1207781,1133313,1699964,76.66,85.82,66.9,794034,613883,180151,1547060,1.Hindus,2199526,2.Muslims,121529,3.Christians,10657,1856.0,1856.0,1751.0,1432.0,299
Orrisa,Jajapur,1624341,823747,800594,1551361,71.44,81.89,60.76,446525,347328,99197,1177816,,1543317,,77825,,1280,1575.0,1575.0,1457.0,1183.0,258
Orrisa,Dhenkanal,1066878,544001,522877,973964,69.42,80.57,57.89,356513,261875,94638,710365,1.Hindus,1060943,2.Muslims,4177,3.Christians,468,1076.0,1075.0,885.0,821.0,177
Orrisa,Nayagarh,864516,446177,418339,827450,70.52,82.66,57.64,288053,205676,82377,576463,1.Hindus,859219,2.Muslims,4233,3.Religion not stated,592,1531.0,1531.0,988.0,849.0,175
Orrisa,Khordha,1877395,986886,890509,1071689,79.59,87.9,70.36,575063,480247,94816,1302332,1.Hindus,1798214,2.Muslims,67040,3.Christians,8821,1358.0,1358.0,1233.0,957.0,188
Orrisa,Puri,1502682,763389,739293,1298654,77.96,88.08,67.57,450540,373481,77059,1052142,1.Hindus,1459872,2.Muslims,38318,3.Christians,2764,1591.0,1591.0,1511.0,1148.0,238
Orrisa,Ganjam,3160635,1581986,1578649,2604276,60.77,75.22,46.44,1305932,819726,486206,1854703,1.Hindus,3132628,2.Christians,14818,3.Muslims,10910,2812.0,2801.0,2177.0,2129.0,478
Orrisa,Gajapati,518837,255423,263414,465949,41.26,54.71,28.42,275534,179992,95542,243303,1.Hindus,341308,2.Christians,173663,3.Buddhists,1972,1512.0,1512.0,739.0,895.0,118
Orrisa,Kandhamal,648201,322799,325402,604107,52.68,69.79,35.86,306209,176128,130081,341992,1.Hindus,527757,2.Christians,117950,3.Muslims,2253,2379.0,2377.0,638.0,1427.0,164
Orrisa,Baudh,373372,188155,185217,355347,57.73,76.23,39.02,170761,105794,64967,202611,1.Hindus,372070,2.Muslims,747,3.Religion not stated,294,1115.0,1113.0,522.0,553.0,65
Orrisa,Sonapur,541835,275601,266234,501767,62.84,78.94,46.17,236980,148695,88285,304855,1.Hindus,538472,2.Muslims,1633,3.Christians,1396,829.0,824.0,613.0,654.0,92
Orrisa,Balangir,1337194,673985,663209,1182871,55.7,71.67,39.51,559750,351689,208061,777444,1.Hindus,1312924,2.Christians,13801,3.Muslims,6138,1764.0,1762.0,1290.0,1672.0,237
Orrisa,Nuapada,530690,264396,266294,500652,42.0,58.46,25.79,244360,131561,112799,286330,1.Hindus,523309,2.Muslims,4045,3.Christians,1496,648.0,648.0,367.0,575.0,103
Orrisa,Kalahandi,1335494,667526,667968,1235275,45.94,62.66,29.28,620950,382050,238900,714544,1.Hindus,1322363,2.Christians,6923,3.Muslims,3592,2099.0,2082.0,907.0,1315.0,224
Orrisa,Rayagada,831109,409792,421317,715702,36.15,48.18,24.56,399184,249909,149275,431925,1.Hindus,770572,2.Christians,55220,3.Muslims,4545,2467.0,2462.0,733.0,1291.0,210
Orrisa,Nabarangapur,1025766,515162,510604,966496,33.93,47.04,20.67,507395,264800,242595,518371,1.Hindus,991639,2.Christians,26118,3.Muslims,6867,876.0,873.0,435.0,780.0,216
Orrisa,Koraput,1180637,590743,589894,982188,35.72,47.2,24.26,570435,353367,217068,610202,1.Hindus,1119527,2.Christians,51323,3.Muslims,8401,1922.0,1922.0,683.0,1234.0,254
Orrisa,Malkangiri,504198,252507,251691,469582,30.53,40.14,20.91,247624,154179,93445,256574,1.Hindus,495556,2.Christians,6300,3.Muslims,1807,979.0,933.0,100.0,543.0,119
Pondicherry,Yanam,31394,15893,15501,-,73.72,78.82,68.5,9909,9298,611,21485,1.Hindus,30019,2.Muslims,831,3.Christians,513,,,,,
Pondicherry,Pondicherry,735332,369428,365904,229373,80.66,88.44,72.84,265876,247949,17927,469456,1.Hindus,660251,2.Christians,50217,3.Muslims,23276,63.0,63.0,63.0,62.0,48
Pondicherry,Mahe,36828,17153,19675,-,95.66,97.64,93.98,9308,8420,888,27520,1.Hindus,24590,2.Muslims,11411,3.Christians,816,,,,,
Pondicherry,Karaikal,170791,84487,86304,96353,81.94,89.4,74.68,57562,51700,5862,113229,1.Hindus,130589,2.Muslims,23840,3.Christians,16142,29.0,29.0,29.0,28.0,29
Punjab,Gurdaspur,2104011,1113077,990934,1568788,73.77,79.78,67.15,700557,568322,132235,1403454,1.Hindus,996246,2.Sikhs,934963,3.Christians,148981,1532.0,1531.0,1532.0,1375.0,517
Punjab,Amritsar,3096077,1650589,1445488,1872802,67.27,72.61,61.26,1112200,938100,174100,1983877,1.Sikhs,2383575,2.Hindus,648284,3.Christians,51948,1185.0,1151.0,1185.0,1114.0,696
Punjab,Kapurthala,754521,399623,354898,507994,73.93,79.02,68.29,262741,231222,31519,491780,1.Sikhs,448654,2.Hindus,286438,3.Buddhists,7740,618.0,618.0,618.0,478.0,359
Punjab,Jalandhar,1962700,1040177,922523,1030717,78.04,82.49,73.08,676835,599324,77511,1285865,1.Hindus,1158868,2.Sikhs,740841,3.Christians,22106,934.0,934.0,934.0,832.0,598
Punjab,Hoshiarpur,1480736,765132,715604,1188662,81.02,86.45,75.32,513351,415123,98228,967385,1.Hindus,871923,2.Sikhs,574862,3.Muslims,15394,1386.0,1386.0,1386.0,1232.0,382
Punjab,Nawanshahr,587468,306902,280566,506402,76.43,82.86,69.52,263698,238405,25293,323770,1.Hindus,356710,2.Sikhs,219856,3.Buddhists,5005,465.0,465.0,465.0,414.0,210
Punjab,Rupnagar,1116108,596582,519526,753701,78.08,83.97,71.4,437343,397119,40224,678765,1.Sikhs,635651,2.Hindus,452419,3.Muslims,22600,864.0,864.0,864.0,785.0,496
Punjab,Fatehgarh Sahib,538041,290137,247904,386950,73.65,78.27,68.31,206139,182020,24119,331902,,401172,,122656,,12789,442.0,442.0,442.0,419.0,171
Punjab,Ludhiana,3032831,1662716,1370115,1339178,76.5,80.25,71.95,1149638,1041517,108121,1883193,1.Sikhs,1744446,2.Hindus,1205128,3.Muslims,52220,897.0,897.0,897.0,842.0,550
Punjab,Moga,894854,474139,420715,716214,63.52,68.01,58.52,358763,302602,56161,536091,1.Sikhs,767769,2.Hindus,117786,3.Muslims,5994,321.0,321.0,321.0,297.0,225
Punjab,Firozpur,1746107,926224,819883,1295382,60.69,68.73,51.72,648676,535889,112787,1097431,1.Sikhs,896628,2.Hindus,820234,3.Christians,23093,968.0,954.0,968.0,866.0,756
Punjab,Muktsar,777493,411217,366276,578929,58.2,65.39,50.25,309572,264579,44993,467921,1.Sikhs,576231,2.Hindus,196039,3.Muslims,2643,234.0,234.0,234.0,230.0,127
Punjab,Faridkot,550892,292596,258296,357321,61.95,68.15,55.03,209754,181873,27881,341138,1.Sikhs,427104,2.Hindus,119702,3.Muslims,1739,163.0,163.0,163.0,160.0,107
Punjab,Bathinda,1183295,632809,550486,831541,61.18,67.78,53.7,500667,408924,91743,682628,,876426,,292984,,9847,280.0,280.0,280.0,280.0,181
Punjab,Mansa,688758,366446,322312,546329,52.41,58.9,45.18,281491,227622,53869,407267,1.Sikhs,539514,2.Hindus,139225,3.Muslims,7071,238.0,237.0,238.0,237.0,123
Punjab,Sangrur,2000173,1069289,930884,1415354,59.98,65.81,53.38,814098,714076,100022,1186075,1.Sikhs,1400149,2.Hindus,434873,3.Muslims,157838,697.0,697.0,697.0,684.0,291
Punjab,Patiala,1844934,987390,857544,1200224,69.78,75.88,62.86,681951,589015,92936,1162983,1.Sikhs,1024546,2.Hindus,778427,3.Muslims,34828,1054.0,1053.0,1054.0,986.0,172
Rajasthan,Ganganagar,1789423,955378,834045,1336066,64.74,75.53,52.44,719792,552559,167233,1069631,1.Hindus,1299812,2.Sikhs,441409,3.Muslims,42442,2830.0,2820.0,1817.0,1653.0,654
Rajasthan,Hanumangarh,1518005,801486,716519,1214467,63.05,75.18,49.56,628311,491225,137086,889694,1.Hindus,1227688,2.Sikhs,192007,3.Muslims,94614,1773.0,1773.0,1221.0,759.0,355
Rajasthan,Bikaner,1674271,886075,788196,1079235,56.91,70.05,42.03,661457,522482,138975,1012814,1.Hindus,1445088,2.Muslims,172372,3.Jains,31235,712.0,686.0,485.0,611.0,173
Rajasthan,Churu,1923878,987781,936097,1387682,66.81,79.69,53.35,853899,587431,266468,1069979,1.Hindus,1698106,2.Muslims,210446,3.Jains,13882,946.0,925.0,877.0,909.0,423
Rajasthan,Jhunjhunun,1913689,983526,930163,1518573,73.04,86.09,59.51,760910,495148,265762,1152779,1.Hindus,1713599,2.Muslims,197707,3.Sikhs,1059,855.0,855.0,848.0,843.0,378
Rajasthan,Alwar,2992592,1586752,1405840,2557653,61.74,78.09,43.28,1458686,947587,511099,1533906,1.Hindus,2535155,2.Muslims,383204,3.Sikhs,55530,1954.0,1954.0,1843.0,1811.0,553
Rajasthan,Bharatpur,2101142,1133425,967717,1692182,63.57,80.54,43.56,852913,573547,279366,1248229,1.Hindus,1804599,2.Muslims,264709,3.Sikhs,23472,1366.0,1365.0,1238.0,1298.0,481
Rajasthan,Dhaulpur,983258,538103,445155,806640,60.13,75.09,41.84,429314,273184,156130,553944,1.Hindus,918158,2.Muslims,60125,3.Jains,2685,786.0,786.0,521.0,723.0,207
Rajasthan,Karauli,1209665,651998,557667,1037720,63.38,79.54,44.39,483110,355450,127660,726555,1.Hindus,1138712,2.Muslims,66536,3.Jains,3760,755.0,754.0,555.0,695.0,285
Rajasthan,Sawai Madhopur,1117057,591307,525750,904417,56.67,75.74,35.17,469164,366794,102370,647893,1.Hindus,978292,2.Muslims,126145,3.Jains,10660,718.0,718.0,563.0,652.0,238
Rajasthan,Dausa,1317063,693438,623625,1181245,61.84,79.35,42.32,542534,417275,125259,774529,1.Hindus,1276926,2.Muslims,35282,3.Jains,3908,1025.0,1025.0,919.0,875.0,217
Rajasthan,Jaipur,5251071,2768203,2482868,2659004,69.9,82.8,55.52,1864055,1584361,279694,3387016,1.Hindus,4629461,2.Muslims,515124,3.Jains,73631,2077.0,2077.0,1962.0,1863.0,622
Rajasthan,Sikar,2287788,1172753,1115035,1815250,70.47,84.34,56.11,887915,633421,254494,1399873,1.Hindus,2019396,2.Muslims,261714,3.Jains,4957,986.0,985.0,965.0,945.0,470
Rajasthan,Nagaur,2775058,1424967,1350091,2297721,57.28,74.1,39.67,1129514,844039,285475,1645544,1.Hindus,2399173,2.Muslims,356405,3.Jains,17478,1480.0,1466.0,1417.0,1417.0,580
Rajasthan,Jodhpur,2886505,1513890,1372615,1909423,56.67,72.96,38.64,1105009,829721,275288,1781496,1.Hindus,2528049,2.Muslims,310114,3.Jains,36694,1058.0,1058.0,911.0,983.0,462
Rajasthan,Jaisalmer,508247,279101,229146,431853,50.97,66.26,32.05,211687,153139,58548,296560,1.Hindus,383638,2.Muslims,120174,3.Sikhs,2086,600.0,576.0,183.0,473.0,144
Rajasthan,Barmer,1964835,1038247,926588,1819431,58.99,72.76,43.45,919729,680208,239521,1045106,1.Hindus,1695047,2.Muslims,231918,3.Jains,35744,1933.0,1933.0,948.0,1777.0,433
Rajasthan,Jalor,1448940,737880,711060,1338946,46.49,64.72,27.8,727209,506324,220885,721731,1.Hindus,1368861,2.Muslims,57934,3.Jains,21015,697.0,697.0,627.0,679.0,333
Rajasthan,Sirohi,851107,437949,413158,700217,53.94,69.89,37.15,343905,245762,98143,507202,1.Hindus,810765,2.Muslims,25439,3.Jains,12427,455.0,454.0,399.0,423.0,201
Rajasthan,Pali,1820251,918856,901395,1429364,54.39,72.2,36.48,724883,518158,206725,1095368,1.Hindus,1677038,2.Muslims,114088,3.Jains,25599,936.0,936.0,883.0,906.0,451
Rajasthan,Ajmer,2181670,1129920,1051750,1306994,64.65,79.37,48.86,856809,690818,165991,1324861,1.Hindus,1869044,2.Muslims,244341,3.Jains,47812,1025.0,1025.0,966.0,970.0,352
Rajasthan,Tonk,1211671,626436,585235,958503,51.97,70.52,32.15,532682,425230,107452,678989,1.Hindus,1062365,2.Muslims,124440,3.Jains,23644,1032.0,1031.0,818.0,887.0,246
Rajasthan,Bundi,962620,504818,457802,783058,55.57,71.68,37.79,456937,305977,150960,505683,1.Hindus,881956,2.Muslims,56220,3.Jains,13186,839.0,838.0,733.0,764.0,178
Rajasthan,Bhilwara,2013789,1026650,987139,1598938,50.74,67.39,33.48,939848,764916,174932,1073941,1.Hindus,1859972,2.Muslims,112802,3.Jains,37659,1693.0,1693.0,1553.0,1516.0,473
Rajasthan,Rajsamand *,987024,493459,493565,858301,55.65,73.99,37.59,401858,275912,125946,585166,1.Hindus,939811,2.Muslims,25619,3.Jains,20048,973.0,973.0,947.0,870.0,251
Rajasthan,Udaipur,2633312,1336004,1297308,2142995,58.62,73.62,43.26,1100880,724120,376760,1532432,1.Hindus,2449773,2.Muslims,88262,3.Jains,83699,2339.0,2337.0,1647.0,2030.0,619
Rajasthan,Dungarpur,1107643,547791,559852,1026787,48.57,66.04,31.77,531376,272283,259093,576267,1.Hindus,1068319,2.Muslims,23549,3.Jains,12542,854.0,853.0,723.0,819.0,368
Rajasthan,Banswara,1501589,760686,740903,1394226,44.63,60.45,28.43,709412,529393,180019,792177,1.Hindus,1425287,2.Muslims,39079,3.Jains,18406,1476.0,1476.0,853.0,1348.0,450
Rajasthan,Chittaurgarh,1803524,918063,885461,1514255,54.09,71.3,36.39,930339,749689,180650,873185,1.Hindus,1666452,2.Muslims,98426,3.Jains,35026,2201.0,2201.0,1948.0,1777.0,384
Rajasthan,Kota,1568525,827128,741397,729948,73.53,85.23,60.43,541362,420734,120628,1027163,1.Hindus,1344633,2.Muslims,183716,3.Jains,23259,812.0,811.0,736.0,715.0,225
Rajasthan,Baran,1021653,535137,486516,849638,59.5,75.78,41.55,436375,300615,135760,585278,1.Hindus,948343,2.Muslims,66319,3.Sikhs,3110,1089.0,1089.0,932.0,915.0,178
Rajasthan,Jhalawar,1180323,612804,567519,1012081,57.32,73.31,40.02,554781,399386,155395,625542,1.Hindus,1087934,2.Muslims,78962,3.Jains,11759,1477.0,1476.0,1185.0,1173.0,214
Sikkim,North,41030,23414,17616,39782,67.21,75.69,55.39,23542,17553,5989,17488,1.Buddhists,22603,2.Hindus,16128,3.Christians,1623,53.0,53.0,46.0,42.0,44
Sikkim,West,123256,63912,59344,121432,58.8,66.82,50.11,53279,45407,7872,69977,1.Hindus,71886,2.Buddhists,33601,3.Others,9567,121.0,121.0,115.0,107.0,86
Sikkim,South,131525,68241,63284,127579,67.31,74.29,59.72,69693,57367,12326,61832,1.Hindus,84213,2.Buddhists,31109,3.Christians,12757,145.0,145.0,142.0,131.0,99
Sikkim,East,245040,132917,112123,192188,74.67,81.2,66.8,116529,92577,23952,128511,1.Hindus,157321,2.Buddhists,64729,3.Christians,14502,131.0,131.0,125.0,112.0,100
TN,Thiruvallur,2754756,1397407,1357349,1254674,76.94,85.26,68.39,1037097,850994,186103,1717659,1.Hindus,2476438,2.Christians,169719,3.Muslims,99408,620.0,619.0,617.0,554.0,616
TN,Chennai,4343645,2219539,2124106,-,85.33,90.01,80.44,1488364,1380757,107607,2855281,1.Hindus,3573356,2.Muslims,379206,3.Christians,331261,,,,,
TN,Kancheepuram,2877468,1457242,1420226,1342502,76.85,84.73,68.79,1144929,916295,228634,1732539,1.Hindus,2583590,2.Christians,170416,3.Muslims,113666,1035.0,1035.0,1030.0,807.0,1032
TN,Vellore,3477317,1741083,1736234,2169319,72.36,81.99,62.79,1427180,1172645,254535,2050137,1.Hindus,3016962,2.Muslims,350771,3.Christians,102477,789.0,783.0,758.0,729.0,756
TN,Dharmapuri,2856300,1473597,1382703,2400354,61.39,71.6,50.65,1413250,1188366,224884,1443050,1.Hindus,2690698,2.Muslims,123469,3.Christians,39019,1067.0,1064.0,1061.0,876.0,995
TN,Tiruvannamalai,2186125,1095859,1090266,1785364,67.39,79.17,55.63,1064783,829944,234839,1121342,1.Hindus,2041854,2.Muslims,78506,3.Christians,55180,1046.0,1037.0,1031.0,948.0,1010
TN,Viluppuram,2960373,1492442,1467931,2533456,63.8,75.06,52.38,1445177,1125229,319948,1515196,1.Hindus,2726949,2.Christians,115745,3.Muslims,110120,1430.0,1428.0,1407.0,1313.0,969
TN,Salem,3016346,1563633,1452713,1626162,65.09,74.39,55.2,1454645,1279846,174799,1561701,1.Hindus,2883909,2.Muslims,77648,3.Christians,50450,557.0,554.0,542.0,475.0,327
TN,Namakkal,1493462,759551,733911,948230,67.41,77.56,57.0,842640,770940,71700,650822,1.Hindus,1451966,2.Muslims,26907,3.Christians,13137,371.0,371.0,367.0,334.0,211
TN,Erode,2581500,1309278,1272222,1387537,65.36,75.32,55.15,1434405,1317991,116414,1147095,1.Hindus,2443644,2.Muslims,77211,3.Christians,55414,434.0,434.0,434.0,405.0,344
TN,The Nilgiris,762141,378351,383790,307532,80.01,88.54,71.64,343385,310064,33321,418756,1.Hindus,599047,2.Christians,87272,3.Muslims,72766,41.0,41.0,41.0,38.0,37
TN,Coimbatore,4271856,2176031,2095825,1451653,76.97,84.59,69.06,1977612,1828629,148983,2294244,1.Hindus,3847969,2.Muslims,227734,3.Christians,185737,401.0,401.0,400.0,377.0,331
TN,Dindigul,1923014,968137,954877,1249762,69.35,79.76,58.87,973332,841893,131439,949682,1.Hindus,1684808,2.Christians,145265,3.Muslims,89680,337.0,337.0,337.0,322.0,283
TN,Karur,935686,465538,470148,624430,68.08,79.63,56.76,496464,445450,51014,439222,1.Hindus,883584,2.Muslims,37272,3.Christians,13863,175.0,175.0,175.0,173.0,100
TN,Tiruchirappalli,2418366,1208534,1209832,1279204,77.9,86.55,69.31,1064521,927788,136733,1353845,,2040968,,218033,,156345,439.0,436.0,436.0,420.0,259
TN,Perambalur,493646,246141,247505,414426,66.07,77.89,54.43,265707,222600,43107,227939,1.Hindus,460058,2.Muslims,24778,3.Christians,8412,143.0,143.0,143.0,137.0,110
TN,Ariyalur,695524,346763,348761,616539,64.08,77.19,51.15,345891,251606,94285,349633,1.Hindus,650988,2.Christians,36261,3.Muslims,7638,188.0,187.0,187.0,187.0,132
TN,Cuddalore,2285395,1150908,1134487,1531034,71.01,81.64,60.27,973066,729764,243302,1312329,1.Hindus,2105292,2.Muslims,102508,3.Christians,73611,807.0,807.0,806.0,741.0,605
TN,Nagapattinam,1488839,739074,749765,1158557,76.34,84.89,67.96,586734,468754,117980,902105,1.Hindus,1328144,2.Muslims,112753,3.Christians,45780,487.0,487.0,486.0,466.0,485
TN,Thiruvarur,1169474,580784,588690,932231,76.58,85.43,67.9,491003,386956,104047,678471,1.Hindus,1052373,2.Muslims,83243,3.Christians,31621,541.0,541.0,540.0,500.0,539
TN,Thanjavur,2216138,1096638,1119500,1467577,75.45,84.47,66.7,897123,750032,147091,1319015,1.Hindus,1925677,2.Muslims,163286,3.Christians,124945,785.0,777.0,777.0,690.0,770
TN,Pudukkottai,1459601,724300,735301,1211217,71.12,82.55,59.97,678289,530282,148007,781312,1.Hindus,1294101,2.Muslims,97723,3.Christians,66432,736.0,735.0,735.0,615.0,587
TN,Sivaganga,1155356,566947,588409,829272,72.18,83.14,61.74,513502,408015,105487,641854,1.Hindus,1026580,2.Christians,67739,3.Muslims,59642,511.0,511.0,511.0,456.0,375
TN,Madurai,2578201,1303363,1274838,1134025,77.82,86.17,69.35,1088543,949545,138998,1489658,1.Hindus,2351019,2.Muslims,137443,3.Christians,86352,550.0,550.0,550.0,464.0,403
TN,Theni,1093950,552986,540964,502109,71.58,81.88,61.19,520280,473708,46572,573670,1.Hindus,1011456,2.Muslims,48066,3.Christians,33830,81.0,79.0,81.0,78.0,76
TN,Virudhunagar,1751301,870376,880925,973956,73.7,83.96,63.64,881803,802521,79282,869498,1.Hindus,1637939,2.Christians,68295,3.Muslims,43309,501.0,484.0,484.0,440.0,232
TN,Ramanathapuram,1187604,583376,604228,885210,72.96,83.01,63.36,520573,433443,87130,667031,1.Hindus,928090,2.Muslims,174079,3.Christians,84092,385.0,356.0,352.0,326.0,137
TN,Thoothukkudi,1572273,766823,805450,907500,81.52,88.32,75.13,678811,588596,90215,893462,1.Hindus,1235498,2.Christians,262718,3.Muslims,72875,426.0,424.0,421.0,413.0,421
TN,Tirunelveli,2723988,1333939,1390049,1415742,76.09,85.21,67.43,1281117,1120752,160365,1442871,1.Hindus,2172815,2.Christians,296578,3.Muslims,252235,448.0,445.0,442.0,417.0,391
TN,Kanniyakumari,1676034,832269,843765,582107,87.55,90.37,84.79,548056,454378,93678,1127978,1.Hindus,859307,2.Christians,745406,3.Muslims,70360,69.0,69.0,67.0,61.0,62
Tripura,West Tripura,1532982,785579,747403,1122915,77.26,84.58,69.55,534348,436870,97478,998634,1.Hindus,1373556,2.Muslims,127017,3.Christians,29087,275.0,274.0,248.0,275.0,219
Tripura,South Tripura,767440,394605,372835,713293,69.9,78.91,60.33,303694,226467,77227,463746,1.Hindus,660641,2.Buddhists,42957,3.Muslims,38999,269.0,269.0,246.0,264.0,180
Tripura,Dhalai,307868,159095,148773,289001,60.93,70.17,50.99,126761,92570,34191,181107,1.Hindus,257834,2.Buddhists,28180,3.Christians,14848,148.0,148.0,108.0,138.0,58
Tripura,North Tripura,590913,302946,287967,528244,72.99,79.99,65.6,194758,156385,38373,396155,1.Hindus,447279,2.Muslims,81843,3.Christians,34898,166.0,166.0,156.0,164.0,121
UP,Saharanpur,2896863,1553322,1343541,2149291,61.22,70.91,50.0,817528,692341,125187,2079335,1.Hindus,1723226,2.Muslims,1132919,3.Sikhs,20693,1264.0,1239.0,1188.0,995.0,606
UP,Muzaffarnagar,3543362,1893832,1649530,2639480,60.67,71.91,47.81,1173153,899536,273617,2370209,1.Hindus,2151009,2.Muslims,1349629,3.Sikhs,18998,893.0,865.0,850.0,794.0,506
UP,Bijnor,3131619,1651908,1479711,2370268,58.08,68.78,46.1,884481,708265,176216,2247138,1.Hindus,1766391,2.Muslims,1306329,3.Sikhs,48725,2148.0,2049.0,1871.0,1382.0,579
UP,Moradabad,3810983,2032302,1778681,2647292,44.75,54.91,33.01,1181996,993623,188373,2628987,1.Hindus,2052014,2.Muslims,1735381,3.Christians,8832,1559.0,1519.0,1134.0,1246.0,502
UP,Rampur,1923739,1023775,899964,1443286,38.76,48.2,27.89,544411,457175,87236,1379328,1.Muslims,945277,2.Hindus,905062,3.Sikhs,61717,1092.0,1083.0,916.0,838.0,456
UP,Jyotiba Phule Nagar,1499068,795228,703840,1130881,49.47,62.57,34.56,478103,382742,95361,1020965,1.Hindus,897785,2.Muslims,590308,3.Sikhs,5578,940.0,915.0,723.0,672.0,320
UP,Meerut,2997361,1601578,1395783,1545378,64.79,75.0,53.12,895856,737166,158690,2101505,1.Hindus,1964504,2.Muslims,975715,3.Sikhs,26434,622.0,611.0,606.0,555.0,351
UP,Baghpat,1163991,630077,533914,934559,64.24,76.99,49.17,380310,289862,90448,783681,1.Hindus,854718,2.Muslims,287871,3.Jains,17929,290.0,283.0,277.0,262.0,111
UP,Ghaziabad,3290586,1769042,1521544,1474171,69.74,79.84,58.01,938251,799884,138367,2352335,1.Hindus,2461008,2.Muslims,782915,3.Sikhs,21017,522.0,512.0,513.0,476.0,456
UP,Gautam Buddha Nagar,1202030,652819,549211,752615,68.69,81.26,53.7,363814,308884,54930,838216,1.Hindus,1028937,2.Muslims,156415,3.Sikhs,6797,392.0,388.0,360.0,326.0,358
UP,Bulandshahar,2913122,1550326,1362796,2238664,59.39,74.31,42.48,1173805,786708,387097,1739317,1.Hindus,2285976,2.Muslims,613660,3.Sikhs,4598,1126.0,1119.0,1054.0,989.0,599
UP,Aligarh,2992286,1607402,1384884,2127592,58.48,71.71,43.03,916298,697481,218817,2075988,1.Hindus,2438496,2.Muslims,531956,3.Sikhs,8145,1180.0,1176.0,1093.0,1027.0,512
UP,Hathras,1336031,718930,617101,1071551,62.49,76.28,46.31,391970,295388,96582,944061,1.Hindus,1194514,2.Muslims,134851,3.Sikhs,2083,656.0,652.0,570.0,513.0,129
UP,Mathura,2074516,1127512,947004,1487493,61.46,76.47,43.43,770918,538167,232751,1303598,1.Hindus,1898399,2.Muslims,167628,3.Sikhs,3299,736.0,721.0,628.0,624.0,260
UP,Agra,3620436,1961282,1659154,2052727,62.6,74.6,48.35,984305,814102,170203,2636131,1.Hindus,3244492,2.Muslims,323634,3.Jains,18463,903.0,898.0,714.0,817.0,324
UP,Firozabad,2052958,1108668,944290,1430405,64.48,75.89,50.95,558941,455028,103913,1494017,1.Hindus,1764268,2.Muslims,260414,3.Jains,19237,795.0,790.0,675.0,662.0,338
UP,Etah,2790410,1509199,1281211,2306747,54.63,67.52,39.26,802418,659834,142584,1987992,1.Hindus,2434856,2.Muslims,319386,3.Buddhists,18815,1517.0,1502.0,1014.0,1219.0,575
UP,Mainpuri,1596718,859934,736784,1363625,65.09,76.7,51.41,439198,365115,74083,1157520,1.Hindus,1485637,2.Muslims,84577,3.Buddhists,19078,821.0,819.0,588.0,653.0,192
UP,Budaun,3069426,1666669,1402757,2512290,38.17,48.96,25.14,922100,768945,153155,2147326,1.Hindus,2402152,2.Muslims,654797,3.Buddhists,5022,1782.0,1768.0,1040.0,1348.0,448
UP,Bareilly,3618589,1934119,1684470,2427139,47.84,58.73,35.22,1095081,862821,232260,2523508,1.Hindus,2345325,2.Muslims,1226386,3.Sikhs,28971,1865.0,1855.0,1301.0,1394.0,353
UP,Pilibhit,1645183,876368,768815,1350959,49.81,62.49,35.11,461339,360300,101039,1183844,1.Hindus,1173317,2.Muslims,390773,3.Sikhs,75479,1216.0,1191.0,806.0,860.0,150
UP,Shahjahanpur,2547855,1383408,1164447,2022329,49.09,59.73,36.25,729525,615499,114026,1818330,1.Hindus,2028913,2.Muslims,455049,3.Sikhs,54503,2157.0,2115.0,1115.0,1422.0,537
UP,Kheri,3207232,1713908,1493324,2861695,48.39,59.5,35.38,1008552,838041,170511,2198680,1.Hindus,2482852,2.Muslims,612638,3.Sikhs,84517,1709.0,1685.0,1173.0,1384.0,594
UP,Sitapur,3619661,1941374,1678287,3186973,48.32,59.97,34.59,1125509,923925,201584,2494152,1.Hindus,2898247,2.Muslims,696126,3.Sikhs,11567,2321.0,2312.0,1271.0,1747.0,603
UP,Hardoi,3398306,1842698,1555608,2990993,51.88,64.39,36.77,1097661,904115,193546,2300645,1.Hindus,2930439,2.Muslims,445419,3.Buddhists,12353,1901.0,1864.0,865.0,1498.0,463
UP,Unnao,2700324,1422509,1277815,2288781,54.64,66.28,41.59,926335,685498,240837,1773989,1.Hindus,2397705,2.Muslims,296780,3.Sikhs,1944,1689.0,1675.0,1000.0,1273.0,413
UP,Lucknow,3647834,1932317,1715517,1326873,68.71,75.98,60.47,1086400,900181,186219,2561434,1.Hindus,2852721,2.Muslims,748687,3.Sikhs,23110,822.0,822.0,697.0,686.0,272
UP,Rae Bareli,2872335,1472230,1400105,2598337,53.79,67.61,39.3,1023506,660527,362979,1848829,,2526010,,340129,,2901,1733.0,1719.0,1609.0,1270.0,505
UP,Farrukhabad,1570408,849800,720608,1228864,60.89,71.14,48.65,462853,380901,81952,1107555,1.Hindus,1326118,2.Muslims,232599,3.Buddhists,4983,883.0,869.0,618.0,683.0,176
UP,Kannauj,1388923,744170,644753,1156951,61.88,72.76,49.16,457591,347072,110519,931332,1.Hindus,1164479,2.Muslims,219104,3.Buddhists,2234,693.0,686.0,459.0,572.0,234
UP,Etawah,1338871,720749,618122,1030789,69.57,79.92,57.38,368609,298612,69997,970262,1.Hindus,1233025,2.Muslims,95926,3.Jains,4176,686.0,685.0,524.0,597.0,104
UP,Auraiya,1179993,635762,544231,1011026,70.5,80.14,59.13,388260,285149,103111,791733,1.Hindus,1089991,2.Muslims,83719,3.Buddhists,2820,776.0,764.0,406.0,602.0,126
UP,Kanpur Dehat,1563336,844339,718997,1455569,66.44,76.39,54.64,513211,377230,135981,1050125,,1410225,,145525,,3123,971.0,965.0,526.0,825.0,431
UP,Kanpur Nagar,4167999,2247216,1920783,1370488,74.37,80.25,67.46,1247833,1040278,207555,2920166,1.Hindus,3448024,2.Muslims,653881,3.Sikhs,37271,909.0,897.0,633.0,783.0,419
UP,Jalaun,1454452,786641,667811,1113926,64.52,77.39,49.21,522881,356090,166791,931571,1.Hindus,1299829,2.Muslims,146317,3.Buddhists,5452,937.0,916.0,618.0,822.0,317
UP,Jhansi,1744931,932818,812113,1033171,65.47,78.76,50.16,646007,466903,179104,1098924,1.Hindus,1592741,2.Muslims,129785,3.Jains,7620,764.0,750.0,518.0,657.0,285
UP,Lalitpur,977734,519413,458321,835790,49.46,63.81,32.97,422365,289137,133228,555369,1.Hindus,926441,2.Muslims,28796,3.Jains,19797,697.0,669.0,352.0,569.0,164
UP,Hamirpur,1043724,563801,479923,869916,57.38,71.87,40.14,408700,270959,137741,635024,1.Hindus,959438,2.Muslims,83064,3.Sikhs,453,521.0,512.0,345.0,464.0,264
UP,Mahoba,708447,379691,328756,553552,53.28,67.74,36.41,299772,204026,95746,408675,1.Hindus,659538,2.Muslims,47335,3.Sikhs,596,421.0,403.0,172.0,358.0,131
UP,Banda,1537334,826544,710790,1293316,54.38,69.28,36.78,619361,412443,206918,917973,1.Hindus,1408201,2.Muslims,126203,3.Jains,884,682.0,675.0,438.0,590.0,191
UP,Chitrakoot,766225,409178,357047,689665,65.04,77.69,50.3,323956,224429,99527,442269,1.Hindus,737219,2.Muslims,27168,3.Christians,820,545.0,524.0,270.0,430.0,138
UP,Fatehpur,2308384,1219602,1088782,2070634,56.3,69.01,41.93,869612,594435,275177,1438772,1.Hindus,1997175,2.Muslims,307047,3.Sikhs,1528,1353.0,1339.0,932.0,1077.0,304
UP,Pratapgarh,2731174,1362948,1368226,2586619,57.6,73.99,41.54,915786,578632,337154,1815388,1.Hindus,2345857,2.Muslims,374126,3.Buddhists,5806,2182.0,2179.0,1717.0,1374.0,504
UP,Kaushambi,1293154,682290,610864,1201369,46.88,61.96,29.79,506733,325303,181430,786421,1.Hindus,1116223,2.Muslims,174698,3.Religion not stated,597,742.0,734.0,527.0,545.0,266
UP,Allahabad,4936105,2626448,2309657,3729320,62.11,75.81,46.38,1671349,1106598,564751,3264756,1.Hindus,4284834,2.Muslims,627735,3.Christians,9114,2802.0,2783.0,2289.0,1733.0,651
UP,Barabanki,2673581,1416921,1256660,2424836,47.39,58.85,34.29,983751,724352,259399,1689830,,2072421,,589197,,3269,1821.0,1816.0,1095.0,1303.0,442
UP,Faizabad,2088928,1077472,1011456,1807655,56.28,69.42,42.26,823717,527901,295816,1265211,1.Hindus,1778749,2.Muslims,304434,3.Sikhs,2193,1247.0,1227.0,1041.0,917.0,277
UP,Ambedkar Nagar,2026876,1024953,1001923,1845783,58.43,71.37,45.3,677980,442210,235770,1348896,1.Hindus,1689067,2.Muslims,332212,3.Sikhs,2083,1675.0,1666.0,1334.0,996.0,361
UP,Sultanpur,3214832,1623819,1591013,3062574,55.75,70.49,40.86,1032520,679114,353406,2182312,1.Hindus,2676468,2.Muslims,524642,3.Buddhists,4784,2499.0,2484.0,1955.0,1713.0,621
UP,Bahraich,2381072,1275351,1105721,2143074,35.16,45.58,22.78,844320,632957,211363,1536752,1.Hindus,1537177,2.Muslims,829361,3.Sikhs,7623,1204.0,1189.0,587.0,936.0,352
UP,Shrawasti,1176391,631916,544475,1143035,33.82,46.67,18.58,486475,338879,147596,689916,1.Hindus,872653,2.Muslims,301117,3.Sikhs,828,679.0,672.0,352.0,577.0,328
UP,Balrampur,1682350,887939,794411,1546770,34.6,45.84,21.79,714059,501620,212439,968291,1.Hindus,1058676,2.Muslims,617675,3.Buddhists,2950,999.0,996.0,607.0,794.0,330
UP,Gonda,2765586,1451101,1314485,2571267,42.59,56.39,27.17,939094,697223,241871,1826492,1.Hindus,2225700,2.Muslims,532585,3.Sikhs,2699,1815.0,1813.0,1065.0,1307.0,474
UP,Siddharthnagar,2040085,1047165,992920,1962284,42.3,56.66,27.08,776487,493431,283056,1263598,1.Hindus,1428543,2.Muslims,600336,3.Buddhists,7930,2338.0,2322.0,1066.0,1172.0,402
UP,Basti,2084814,1075765,1009049,1968829,52.49,67.1,36.92,735176,483455,251721,1349638,1.Hindus,1762973,2.Muslims,306540,3.Buddhists,10610,3156.0,3092.0,1680.0,1192.0,362
UP,Sant Kabir Nagar,1420226,719465,700761,1319675,50.88,66.57,34.92,489070,295045,194025,931156,1.Hindus,1073646,2.Muslims,341154,3.Buddhists,3775,1576.0,1555.0,1045.0,691.0,262
UP,Mahrajganj,2173878,1124290,1049588,2063278,46.61,63.92,27.93,850513,479400,371113,1323365,1.Hindus,1793304,2.Muslims,357822,3.Buddhists,16038,1203.0,1189.0,862.0,859.0,311
UP,Gorakhpur,3769456,1923197,1846259,3030865,58.49,73.57,42.88,1136295,692824,443471,2633161,1.Hindus,3407412,2.Muslims,344960,3.Christians,6576,2924.0,2823.0,1947.0,1635.0,509
UP,Kushinagar,2893196,1473637,1419559,2760673,46.94,63.64,29.64,990123,574887,415236,1903073,1.Hindus,2394602,2.Muslims,487674,3.Buddhists,6880,1572.0,1561.0,1055.0,1224.0,418
UP,Deoria,2712650,1355023,1357627,2444345,58.64,75.01,42.51,773902,465463,308439,1938748,1.Hindus,2398395,2.Muslims,308731,3.Sikhs,2077,2008.0,1985.0,1565.0,1389.0,514
UP,Azamgarh,3939916,1950415,1989501,3642615,56.95,71.04,43.4,1199842,770269,429573,2740074,1.Hindus,3332711,2.Muslims,593907,3.Buddhists,3894,3792.0,3702.0,3223.0,1753.0,543
UP,Mau,1853997,933523,920474,1493628,62.16,75.6,48.66,599400,396864,202536,1254597,1.Hindus,1494344,2.Muslims,353003,3.Buddhists,3398,1499.0,1458.0,1378.0,849.0,292
UP,Ballia,2761620,1413774,1347846,2491676,57.86,71.91,43.16,794435,504543,289892,1967185,1.Hindus,2572597,2.Muslims,181553,3.Christians,2913,1830.0,1795.0,1550.0,1056.0,457
UP,Jaunpur,3911679,1941903,1969776,3622268,59.84,76.18,44.07,1215515,789047,426468,2696164,1.Hindus,3484557,2.Muslims,399186,3.Buddhists,17378,3290.0,3266.0,2726.0,1919.0,621
UP,Ghazipur,3037582,1537141,1500441,2804212,59.55,74.87,44.03,953512,647379,306133,2084070,1.Hindus,2722780,2.Muslims,300327,3.Buddhists,9828,2665.0,2597.0,2283.0,1308.0,493
UP,Chandauli,1643251,855123,788128,1469693,59.72,74.04,44.13,527633,339953,187680,1115618,1.Hindus,1470369,2.Muslims,168281,3.Sikhs,2252,1419.0,1370.0,927.0,748.0,282
UP,Varanasi,3138671,1649187,1489484,1878100,66.12,77.87,53.05,982054,770799,211255,2156617,1.Hindus,2627565,2.Muslims,497516,3.Christians,4499,1289.0,1268.0,1198.0,778.0,362
UP,Sant Ravidas Nagar Bhadohi *,1353705,705997,647708,1180220,57.9,75.76,38.44,388634,271578,117056,965071,1.Hindus,1187835,2.Muslims,161962,3.Buddhists,1726,1097.0,1082.0,971.0,502.0,229
UP,Mirzapur,2116042,1115249,1000793,1829536,55.31,69.59,39.26,714739,498926,215813,1401303,1.Hindus,1953169,2.Muslims,158204,3.Sikhs,1737,1767.0,1731.0,1198.0,1096.0,318
UP,Sonbhadra,1463519,770897,692622,1188089,49.22,62.95,33.7,537935,360180,177755,925584,1.Hindus,1375219,2.Muslims,79102,3.Christians,3149,1363.0,1342.0,555.0,744.0,207
Uttranchal,Uttarkashi,295013,152016,142997,272095,65.71,83.6,46.69,135904,114842,21062,159109,1.Hindus,290201,2.Muslims,2817,3.Buddhists,1239,682.0,675.0,570.0,557.0,106
Uttranchal,Chamoli,370359,183745,186614,319656,75.43,89.66,61.63,164729,96900,67829,205630,1.Hindus,365396,2.Muslims,3725,3.Sikhs,439,1166.0,1139.0,883.0,804.0,147
Uttranchal,Rudraprayag,227439,107535,119904,224707,73.65,89.81,59.57,102033,76068,25965,125406,1.Hindus,225773,2.Muslims,1406,3.Religion not stated,90,658.0,654.0,593.0,468.0,143
Uttranchal,Tehri Garhwal,604747,295168,309579,544901,66.73,85.33,49.42,264715,181205,83510,340032,1.Hindus,596769,2.Muslims,6390,3.Sikhs,561,1801.0,1729.0,1275.0,1115.0,202
Uttranchal,Dehradun,1282143,679583,602560,603401,78.98,85.87,71.2,400475,336504,63971,881668,,1086094,,139197,,33379,738.0,723.0,640.0,556.0,334
Uttranchal,Garhwal,697078,331061,366017,607203,77.49,90.91,65.7,269871,171647,98224,427207,,673471,,20157,,1915,3151.0,3070.0,2185.0,1549.0,392
Uttranchal,Pithoragarh,462289,227615,234674,402456,75.95,90.06,62.59,198709,124062,74647,263580,1.Hindus,456277,2.Muslims,4031,3.Christians,1215,1579.0,1564.0,1159.0,821.0,190
Uttranchal,Bageshwar,249462,118510,130952,241659,71.29,87.65,56.98,118844,85613,33231,130618,1.Hindus,247402,2.Muslims,1280,3.Christians,361,883.0,842.0,627.0,483.0,101
Uttranchal,Almora,630567,293848,336719,576062,73.64,89.2,60.56,292182,204649,87533,338385,1.Hindus,621203,2.Muslims,7283,3.Christians,959,2172.0,2165.0,1791.0,1238.0,260
Uttranchal,Champawat,224542,111084,113458,190764,70.39,87.27,54.18,90208,56165,34043,134334,,216646,,6642,,626,656.0,649.0,395.0,347.0,67
Uttranchal,Nainital,762909,400254,362655,493859,78.36,86.32,69.55,278947,220995,57952,483962,,655290,,86532,,16107,1091.0,1074.0,992.0,645.0,215
Uttranchal,Udham Singh Nagar *,1235614,649484,586130,832600,64.86,75.22,53.35,392156,300141,92015,843458,,832811,,254407,,141462,674.0,669.0,646.0,485.0,186
Uttranchal,Hardwar,1447187,776021,671166,1000912,63.75,73.83,52.1,425263,353556,71707,1021924,1.Hindus,944927,2.Muslims,478274,3.Sikhs,17326,510.0,494.0,444.0,422.0,296
West Bengal,Darjiling,1609172,830644,778528,1088740,71.79,80.05,62.94,569442,478851,90591,1039730,1.Hindus,1237714,2.Buddhists,177327,3.Christians,99232,640.0,633.0,391.0,472.0,395
West Bengal,Jalpaiguri,3401173,1751145,1650028,2794291,62.85,72.83,52.21,1303136,1025433,277703,2098037,1.Hindus,2833229,2.Muslims,369195,3.Christians,147654,742.0,741.0,524.0,700.0,570
West Bengal,Koch Bihar,2479155,1272094,1207061,2253537,66.3,75.93,56.12,966705,754311,212394,1512450,1.Hindus,1871857,2.Muslims,600911,3.Jains,2193,1138.0,1138.0,583.0,922.0,758
West Bengal,Uttar Dinajpur,2441794,1259737,1182057,2147351,47.89,58.48,36.51,935524,716483,219041,1506270,1.Hindus,1263001,2.Muslims,1156503,3.Christians,13172,1477.0,1465.0,757.0,1044.0,648
West Bengal,Dakshin Dinajpur,1503178,770335,732843,1306324,63.59,72.43,54.28,612728,471187,141541,890450,1.Hindus,1112575,2.Muslims,361047,3.Christians,22039,1579.0,1573.0,892.0,998.0,627
West Bengal,Maldah,3290468,1689406,1601062,3049528,50.28,58.8,41.25,1340706,967143,373563,1949762,1.Muslims,1636171,2.Hindus,1621468,3.Others,22350,1642.0,1637.0,1126.0,1144.0,794
West Bengal,Murshidabad,5866569,3005000,2861569,5133835,54.35,60.71,47.63,2005174,1672311,332863,3861395,1.Muslims,3735380,2.Hindus,2107469,3.Christians,13723,1925.0,1899.0,1624.0,1566.0,1273
West Bengal,Birbhum,3015422,1546633,1468789,2757002,61.48,70.89,51.55,1128497,831699,296798,1886925,1.Hindus,1944606,2.Muslims,1057861,3.Christians,7382,2259.0,2237.0,1956.0,1770.0,1018
West Bengal,Barddhaman,6895514,3588376,3307138,4348466,70.18,78.63,60.95,2451241,1902334,548907,4444273,1.Hindus,5440052,2.Muslims,1364133,3.Others,44675,2438.0,2437.0,2207.0,2157.0,1588
West Bengal,Nadia,4604827,2366853,2237974,3625308,66.14,72.31,59.58,1615705,1405724,209981,2989122,1.Hindus,3396095,2.Muslims,1170282,3.Christians,29563,1250.0,1245.0,1161.0,1133.0,738
West Bengal,North Twenty Four Parganas,8934286,4638756,4295530,4083339,78.07,83.92,71.72,2988160,2623352,364808,5946126,1.Hindus,6721420,2.Muslims,2164058,3.Christians,20138,1572.0,1567.0,1274.0,1391.0,955
West Bengal,Hugli,5041976,2589625,2452351,3354227,75.11,82.59,67.21,1859487,1528040,331447,3182489,1.Hindus,4216701,2.Muslims,763471,3.Others,49075,1886.0,1884.0,1826.0,1607.0,1268
West Bengal,Bankura,3192695,1636002,1556693,2957447,63.44,76.76,49.43,1427272,944216,483056,1765423,1.Hindus,2693022,2.Others,251401,3.Muslims,239722,3577.0,3548.0,2214.0,2663.0,1081
West Bengal,Puruliya,2536516,1298078,1238438,2281090,55.57,73.72,36.5,1127488,645506,481982,1409028,1.Hindus,2116037,2.Others,226912,3.Muslims,180694,2468.0,2452.0,1232.0,2135.0,1173
West Bengal,Medinipur,9610788,4916370,4694418,8626883,74.9,84.91,64.42,3751057,2530112,1220945,5859731,1.Hindus,8224779,2.Muslims,1088618,3.Others,262578,10548.0,10475.0,4835.0,6133.0,3560
West Bengal,Haora,4273099,2241898,2031201,2121109,77.01,83.22,70.11,1438874,1224972,213902,2834225,1.Hindus,3204077,2.Muslims,1044383,3.Jains,9585,727.0,726.0,682.0,683.0,410
West Bengal,Kolkata,4572876,2500040,2072836,-,80.86,83.79,77.3,1717734,1623779,93955,2855142,1.Hindus,3552274,2.Muslims,926769,3.Christians,40218,,,,,
West Bengal,Twenty Four Parganas,6906689,3564993,3341696,5820469,69.45,79.19,59.01,2242760,1678130,564630,4663929,,4548459,,2295967,,52835,2087.0,2079.0,1322.0,1774.0,1311
